dataset,missing_rate,mechanism,method,fold,r2,actual_miss_rate,status
CaliforniaHousing,0.1,MCAR,NeuMiss_d3,0,0.42207501175031314,0.09815,success
CaliforniaHousing,0.1,MCAR,NeuMiss_d5,0,0.3914520932255957,0.09815,success
CaliforniaHousing,0.1,MCAR,NM+C_gelu,0,0.3764668360661163,0.09815,success
CaliforniaHousing,0.1,MCAR,PretrainEnc,0,0.6184022787109215,0.09815,success
CaliforniaHousing,0.1,MCAR,ImputeMLP,0,0.6489366464643946,0.09815,success
CaliforniaHousing,0.1,MCAR,IterImp+Ridge,0,0.2733042360628608,0.09815,success
CaliforniaHousing,0.1,MCAR,IterImp+RF,0,0.6593930417718399,0.09815,success
CaliforniaHousing,0.1,MCAR,NeuMiss_d3,1,0.4896229601702071,0.0982,success
CaliforniaHousing,0.1,MCAR,NeuMiss_d5,1,0.4961344028949919,0.0982,success
CaliforniaHousing,0.1,MCAR,NM+C_gelu,1,0.5091913158007225,0.0982,success
CaliforniaHousing,0.1,MCAR,PretrainEnc,1,0.6321730590294803,0.0982,success
CaliforniaHousing,0.1,MCAR,ImputeMLP,1,0.6690021331514249,0.0982,success
CaliforniaHousing,0.1,MCAR,IterImp+Ridge,1,0.5424796340907058,0.0982,success
CaliforniaHousing,0.1,MCAR,IterImp+RF,1,0.6610130584239537,0.0982,success
CaliforniaHousing,0.1,MCAR,NeuMiss_d3,2,0.4913440487676336,0.09965,success
CaliforniaHousing,0.1,MCAR,NeuMiss_d5,2,0.41736973130653343,0.09965,success
CaliforniaHousing,0.1,MCAR,NM+C_gelu,2,0.45185814489386933,0.09965,success
CaliforniaHousing,0.1,MCAR,PretrainEnc,2,0.6458990645156355,0.09965,success
CaliforniaHousing,0.1,MCAR,ImputeMLP,2,0.6622308950217151,0.09965,success
CaliforniaHousing,0.1,MCAR,IterImp+Ridge,2,0.46919337884899837,0.09965,success
CaliforniaHousing,0.1,MCAR,IterImp+RF,2,0.6670108695703945,0.09965,success
CaliforniaHousing,0.1,MCAR,NeuMiss_d3,3,-0.15441111097225257,0.097025,success
CaliforniaHousing,0.1,MCAR,NeuMiss_d5,3,0.4946878110496171,0.097025,success
CaliforniaHousing,0.1,MCAR,NM+C_gelu,3,0.5111678728622534,0.097025,success
CaliforniaHousing,0.1,MCAR,PretrainEnc,3,0.6333424896895687,0.097025,success
CaliforniaHousing,0.1,MCAR,ImputeMLP,3,0.673332237825395,0.097025,success
CaliforniaHousing,0.1,MCAR,IterImp+Ridge,3,0.5461266808925969,0.097025,success
CaliforniaHousing,0.1,MCAR,IterImp+RF,3,0.691786175274131,0.097025,success
CaliforniaHousing,0.1,MCAR,NeuMiss_d3,4,0.5276508516424265,0.097625,success
CaliforniaHousing,0.1,MCAR,NeuMiss_d5,4,0.48415931164391823,0.097625,success
CaliforniaHousing,0.1,MCAR,NM+C_gelu,4,0.5273396635250336,0.097625,success
CaliforniaHousing,0.1,MCAR,PretrainEnc,4,0.6723835522649955,0.097625,success
CaliforniaHousing,0.1,MCAR,ImputeMLP,4,0.718833050505149,0.097625,success
CaliforniaHousing,0.1,MCAR,IterImp+Ridge,4,0.57850629888539,0.097625,success
CaliforniaHousing,0.1,MCAR,IterImp+RF,4,0.6966401781128997,0.097625,success
CaliforniaHousing,0.1,MAR,NeuMiss_d3,0,0.37773458117182956,0.167125,success
CaliforniaHousing,0.1,MAR,NeuMiss_d5,0,0.4635299068626967,0.167125,success
CaliforniaHousing,0.1,MAR,NM+C_gelu,0,0.465046673524957,0.167125,success
CaliforniaHousing,0.1,MAR,PretrainEnc,0,0.6236730443865198,0.167125,success
CaliforniaHousing,0.1,MAR,ImputeMLP,0,0.649697360796455,0.167125,success
CaliforniaHousing,0.1,MAR,IterImp+Ridge,0,0.3931980009496503,0.167125,success
CaliforniaHousing,0.1,MAR,IterImp+RF,0,0.6420186060707904,0.167125,success
CaliforniaHousing,0.1,MAR,NeuMiss_d3,1,0.4084141453712977,0.16495,success
CaliforniaHousing,0.1,MAR,NeuMiss_d5,1,0.4495116591787418,0.16495,success
CaliforniaHousing,0.1,MAR,NM+C_gelu,1,0.5249246640936902,0.16495,success
CaliforniaHousing,0.1,MAR,PretrainEnc,1,0.6101050561363599,0.16495,success
CaliforniaHousing,0.1,MAR,ImputeMLP,1,0.6634223276833283,0.16495,success
CaliforniaHousing,0.1,MAR,IterImp+Ridge,1,0.4856915325127539,0.16495,success
CaliforniaHousing,0.1,MAR,IterImp+RF,1,0.655503129576083,0.16495,success
CaliforniaHousing,0.1,MAR,NeuMiss_d3,2,0.23609892744113092,0.1655,success
CaliforniaHousing,0.1,MAR,NeuMiss_d5,2,0.3966028132554764,0.1655,success
CaliforniaHousing,0.1,MAR,NM+C_gelu,2,0.3894214551625135,0.1655,success
CaliforniaHousing,0.1,MAR,PretrainEnc,2,0.512745797005068,0.1655,success
CaliforniaHousing,0.1,MAR,ImputeMLP,2,0.6513683806801396,0.1655,success
CaliforniaHousing,0.1,MAR,IterImp+Ridge,2,0.20529966196917337,0.1655,success
CaliforniaHousing,0.1,MAR,IterImp+RF,2,0.6323684088464785,0.1655,success
CaliforniaHousing,0.1,MAR,NeuMiss_d3,3,0.5054685960265284,0.16405,success
CaliforniaHousing,0.1,MAR,NeuMiss_d5,3,0.5627183745073496,0.16405,success
CaliforniaHousing,0.1,MAR,NM+C_gelu,3,0.4837637443538779,0.16405,success
CaliforniaHousing,0.1,MAR,PretrainEnc,3,0.660086442531034,0.16405,success
CaliforniaHousing,0.1,MAR,ImputeMLP,3,0.7137754861551097,0.16405,success
CaliforniaHousing,0.1,MAR,IterImp+Ridge,3,0.562278921057719,0.16405,success
CaliforniaHousing,0.1,MAR,IterImp+RF,3,0.692618402791332,0.16405,success
CaliforniaHousing,0.1,MAR,NeuMiss_d3,4,0.5103065420296484,0.163025,success
CaliforniaHousing,0.1,MAR,NeuMiss_d5,4,0.5123260926836295,0.163025,success
CaliforniaHousing,0.1,MAR,NM+C_gelu,4,0.5020694463986987,0.163025,success
CaliforniaHousing,0.1,MAR,PretrainEnc,4,0.6187373600206834,0.163025,success
CaliforniaHousing,0.1,MAR,ImputeMLP,4,0.6751031092452091,0.163025,success
CaliforniaHousing,0.1,MAR,IterImp+Ridge,4,0.5186921417169617,0.163025,success
CaliforniaHousing,0.1,MAR,IterImp+RF,4,0.6616502100302952,0.163025,success
CaliforniaHousing,0.3,MCAR,NeuMiss_d3,0,0.2253342323259988,0.299575,success
CaliforniaHousing,0.3,MCAR,NeuMiss_d5,0,0.284252690380596,0.299575,success
CaliforniaHousing,0.3,MCAR,NM+C_gelu,0,0.012933899043645947,0.299575,success
CaliforniaHousing,0.3,MCAR,PretrainEnc,0,0.47269246674517507,0.299575,success
CaliforniaHousing,0.3,MCAR,ImputeMLP,0,0.5334282842798673,0.299575,success
CaliforniaHousing,0.3,MCAR,IterImp+Ridge,0,0.40578920681060815,0.299575,success
CaliforniaHousing,0.3,MCAR,IterImp+RF,0,0.554869052493367,0.299575,success
CaliforniaHousing,0.3,MCAR,NeuMiss_d3,1,0.3463549990474364,0.2996,success
CaliforniaHousing,0.3,MCAR,NeuMiss_d5,1,0.3854843720059856,0.2996,success
CaliforniaHousing,0.3,MCAR,NM+C_gelu,1,0.368327486707964,0.2996,success
CaliforniaHousing,0.3,MCAR,PretrainEnc,1,0.37088424474271675,0.2996,success
CaliforniaHousing,0.3,MCAR,ImputeMLP,1,0.5551155912514348,0.2996,success
CaliforniaHousing,0.3,MCAR,IterImp+Ridge,1,0.4552208437899239,0.2996,success
CaliforniaHousing,0.3,MCAR,IterImp+RF,1,0.5482094569716945,0.2996,success
CaliforniaHousing,0.3,MCAR,NeuMiss_d3,2,0.3102225436145669,0.297475,success
CaliforniaHousing,0.3,MCAR,NeuMiss_d5,2,0.2871852287807557,0.297475,success
CaliforniaHousing,0.3,MCAR,NM+C_gelu,2,0.17197864556268116,0.297475,success
CaliforniaHousing,0.3,MCAR,PretrainEnc,2,0.43127194911021016,0.297475,success
CaliforniaHousing,0.3,MCAR,ImputeMLP,2,0.5360224781950329,0.297475,success
CaliforniaHousing,0.3,MCAR,IterImp+Ridge,2,0.3796552955655451,0.297475,success
CaliforniaHousing,0.3,MCAR,IterImp+RF,2,0.5496319970216537,0.297475,success
CaliforniaHousing,0.3,MCAR,NeuMiss_d3,3,0.36607433873562933,0.297225,success
CaliforniaHousing,0.3,MCAR,NeuMiss_d5,3,0.3126622749400174,0.297225,success
CaliforniaHousing,0.3,MCAR,NM+C_gelu,3,0.3438613728011206,0.297225,success
CaliforniaHousing,0.3,MCAR,PretrainEnc,3,0.47863920094687584,0.297225,success
CaliforniaHousing,0.3,MCAR,ImputeMLP,3,0.5652904420190334,0.297225,success
CaliforniaHousing,0.3,MCAR,IterImp+Ridge,3,0.4222709415456083,0.297225,success
CaliforniaHousing,0.3,MCAR,IterImp+RF,3,0.5498132452225049,0.297225,success
CaliforniaHousing,0.3,MCAR,NeuMiss_d3,4,0.4409553132796531,0.293975,success
CaliforniaHousing,0.3,MCAR,NeuMiss_d5,4,0.41359437190332604,0.293975,success
CaliforniaHousing,0.3,MCAR,NM+C_gelu,4,0.44415120189594026,0.293975,success
CaliforniaHousing,0.3,MCAR,PretrainEnc,4,0.5668539633984034,0.293975,success
CaliforniaHousing,0.3,MCAR,ImputeMLP,4,0.6132787011752687,0.293975,success
CaliforniaHousing,0.3,MCAR,IterImp+Ridge,4,0.4516463790556292,0.293975,success
CaliforniaHousing,0.3,MCAR,IterImp+RF,4,0.5849583257651535,0.293975,success
CaliforniaHousing,0.3,MAR,NeuMiss_d3,0,0.3869966767335775,0.34,success
CaliforniaHousing,0.3,MAR,NeuMiss_d5,0,0.12655415767742906,0.34,success
CaliforniaHousing,0.3,MAR,NM+C_gelu,0,0.4322018505188646,0.34,success
CaliforniaHousing,0.3,MAR,PretrainEnc,0,0.4530124555512568,0.34,success
CaliforniaHousing,0.3,MAR,ImputeMLP,0,0.5354795747074439,0.34,success
CaliforniaHousing,0.3,MAR,IterImp+Ridge,0,0.2184028601543534,0.34,success
CaliforniaHousing,0.3,MAR,IterImp+RF,0,0.5261167262604598,0.34,success
CaliforniaHousing,0.3,MAR,NeuMiss_d3,1,0.3948726664876926,0.336425,success
CaliforniaHousing,0.3,MAR,NeuMiss_d5,1,0.3605605516943653,0.336425,success
CaliforniaHousing,0.3,MAR,NM+C_gelu,1,0.47589090680212265,0.336425,success
CaliforniaHousing,0.3,MAR,PretrainEnc,1,0.5299497968683164,0.336425,success
CaliforniaHousing,0.3,MAR,ImputeMLP,1,0.5578800085826479,0.336425,success
CaliforniaHousing,0.3,MAR,IterImp+Ridge,1,0.3229790843317044,0.336425,success
CaliforniaHousing,0.3,MAR,IterImp+RF,1,0.5165383924807867,0.336425,success
CaliforniaHousing,0.3,MAR,NeuMiss_d3,2,0.37134539871106764,0.336075,success
CaliforniaHousing,0.3,MAR,NeuMiss_d5,2,0.38684407950802224,0.336075,success
CaliforniaHousing,0.3,MAR,NM+C_gelu,2,0.48419105361354287,0.336075,success
CaliforniaHousing,0.3,MAR,PretrainEnc,2,0.5369714019318064,0.336075,success
CaliforniaHousing,0.3,MAR,ImputeMLP,2,0.579680562721107,0.336075,success
CaliforniaHousing,0.3,MAR,IterImp+Ridge,2,0.12311895734338074,0.336075,success
CaliforniaHousing,0.3,MAR,IterImp+RF,2,0.5373396858230461,0.336075,success
CaliforniaHousing,0.3,MAR,NeuMiss_d3,3,0.4816660660186164,0.335075,success
CaliforniaHousing,0.3,MAR,NeuMiss_d5,3,0.4667621471214196,0.335075,success
CaliforniaHousing,0.3,MAR,NM+C_gelu,3,0.3856384582647391,0.335075,success
CaliforniaHousing,0.3,MAR,PretrainEnc,3,0.549661983099397,0.335075,success
CaliforniaHousing,0.3,MAR,ImputeMLP,3,0.6030043205207276,0.335075,success
CaliforniaHousing,0.3,MAR,IterImp+Ridge,3,0.42003447772270885,0.335075,success
CaliforniaHousing,0.3,MAR,IterImp+RF,3,0.5554114016398273,0.335075,success
CaliforniaHousing,0.3,MAR,NeuMiss_d3,4,0.3657348379009655,0.33475,success
CaliforniaHousing,0.3,MAR,NeuMiss_d5,4,0.42856281659053386,0.33475,success
CaliforniaHousing,0.3,MAR,NM+C_gelu,4,0.5113006142460765,0.33475,success
CaliforniaHousing,0.3,MAR,PretrainEnc,4,0.5527959874086361,0.33475,success
CaliforniaHousing,0.3,MAR,ImputeMLP,4,0.5873359970858312,0.33475,success
CaliforniaHousing,0.3,MAR,IterImp+Ridge,4,0.36520453378283424,0.33475,success
CaliforniaHousing,0.3,MAR,IterImp+RF,4,0.5071132017695132,0.33475,success
CaliforniaHousing,0.5,MCAR,NeuMiss_d3,0,0.16108701456376062,0.4959,success
CaliforniaHousing,0.5,MCAR,NeuMiss_d5,0,0.11458158861822798,0.4959,success
CaliforniaHousing,0.5,MCAR,NM+C_gelu,0,-0.0403022711118044,0.4959,success
CaliforniaHousing,0.5,MCAR,PretrainEnc,0,0.2853583442709521,0.4959,success
CaliforniaHousing,0.5,MCAR,ImputeMLP,0,0.39559266634079415,0.4959,success
CaliforniaHousing,0.5,MCAR,IterImp+Ridge,0,0.24237210217431482,0.4959,success
CaliforniaHousing,0.5,MCAR,IterImp+RF,0,0.3609940274502137,0.4959,success
CaliforniaHousing,0.5,MCAR,NeuMiss_d3,1,0.12023697486619567,0.501325,success
CaliforniaHousing,0.5,MCAR,NeuMiss_d5,1,0.27943543229324797,0.501325,success
CaliforniaHousing,0.5,MCAR,NM+C_gelu,1,0.2954655331680628,0.501325,success
CaliforniaHousing,0.5,MCAR,PretrainEnc,1,0.3822161145871208,0.501325,success
CaliforniaHousing,0.5,MCAR,ImputeMLP,1,0.4120915049275323,0.501325,success
CaliforniaHousing,0.5,MCAR,IterImp+Ridge,1,0.31894481633146654,0.501325,success
CaliforniaHousing,0.5,MCAR,IterImp+RF,1,0.3916698238206423,0.501325,success
CaliforniaHousing,0.5,MCAR,NeuMiss_d3,2,0.0717646222770717,0.496275,success
CaliforniaHousing,0.5,MCAR,NeuMiss_d5,2,-0.1611077065874742,0.496275,success
CaliforniaHousing,0.5,MCAR,NM+C_gelu,2,-0.19167941426701796,0.496275,success
CaliforniaHousing,0.5,MCAR,PretrainEnc,2,0.22621296090614762,0.496275,success
CaliforniaHousing,0.5,MCAR,ImputeMLP,2,0.3494822879259798,0.496275,success
CaliforniaHousing,0.5,MCAR,IterImp+Ridge,2,0.14640846401727248,0.496275,success
CaliforniaHousing,0.5,MCAR,IterImp+RF,2,0.35779070067687513,0.496275,success
CaliforniaHousing,0.5,MCAR,NeuMiss_d3,3,0.1328344148696029,0.492075,success
CaliforniaHousing,0.5,MCAR,NeuMiss_d5,3,0.16200004977668614,0.492075,success
CaliforniaHousing,0.5,MCAR,NM+C_gelu,3,0.18070528892418747,0.492075,success
CaliforniaHousing,0.5,MCAR,PretrainEnc,3,0.3699936985905654,0.492075,success
CaliforniaHousing,0.5,MCAR,ImputeMLP,3,0.4064920283144611,0.492075,success
CaliforniaHousing,0.5,MCAR,IterImp+Ridge,3,0.32359641216963153,0.492075,success
CaliforniaHousing,0.5,MCAR,IterImp+RF,3,0.39207330150742403,0.492075,success
CaliforniaHousing,0.5,MCAR,NeuMiss_d3,4,0.2717915284873069,0.495025,success
CaliforniaHousing,0.5,MCAR,NeuMiss_d5,4,0.25451769375752775,0.495025,success
CaliforniaHousing,0.5,MCAR,NM+C_gelu,4,0.24539137168575076,0.495025,success
CaliforniaHousing,0.5,MCAR,PretrainEnc,4,0.32757717930885843,0.495025,success
CaliforniaHousing,0.5,MCAR,ImputeMLP,4,0.3828317243926844,0.495025,success
CaliforniaHousing,0.5,MCAR,IterImp+Ridge,4,0.2836910235867335,0.495025,success
CaliforniaHousing,0.5,MCAR,IterImp+RF,4,0.4058513105799457,0.495025,success
CaliforniaHousing,0.5,MAR,NeuMiss_d3,0,0.3371413895601275,0.480075,success
CaliforniaHousing,0.5,MAR,NeuMiss_d5,0,0.24007901853699176,0.480075,success
CaliforniaHousing,0.5,MAR,NM+C_gelu,0,0.3702379464299923,0.480075,success
CaliforniaHousing,0.5,MAR,PretrainEnc,0,0.4291650078276006,0.480075,success
CaliforniaHousing,0.5,MAR,ImputeMLP,0,0.41736358418765906,0.480075,success
CaliforniaHousing,0.5,MAR,IterImp+Ridge,0,0.17739937567987774,0.480075,success
CaliforniaHousing,0.5,MAR,IterImp+RF,0,0.4142020895670825,0.480075,success
CaliforniaHousing,0.5,MAR,NeuMiss_d3,1,0.30968176578916873,0.4793,success
CaliforniaHousing,0.5,MAR,NeuMiss_d5,1,0.2816207767995895,0.4793,success
CaliforniaHousing,0.5,MAR,NM+C_gelu,1,0.36847692016638345,0.4793,success
CaliforniaHousing,0.5,MAR,PretrainEnc,1,0.4537836410348921,0.4793,success
CaliforniaHousing,0.5,MAR,ImputeMLP,1,0.47786625472666244,0.4793,success
CaliforniaHousing,0.5,MAR,IterImp+Ridge,1,0.24246460120832136,0.4793,success
CaliforniaHousing,0.5,MAR,IterImp+RF,1,0.445493044447527,0.4793,success
CaliforniaHousing,0.5,MAR,NeuMiss_d3,2,-0.06068819891060384,0.481825,success
CaliforniaHousing,0.5,MAR,NeuMiss_d5,2,0.27589286501729227,0.481825,success
CaliforniaHousing,0.5,MAR,NM+C_gelu,2,0.39915406886417015,0.481825,success
CaliforniaHousing,0.5,MAR,PretrainEnc,2,0.42086980343455527,0.481825,success
CaliforniaHousing,0.5,MAR,ImputeMLP,2,0.49324111663588754,0.481825,success
CaliforniaHousing,0.5,MAR,IterImp+Ridge,2,0.1456892232779774,0.481825,success
CaliforniaHousing,0.5,MAR,IterImp+RF,2,0.46691521636123845,0.481825,success
CaliforniaHousing,0.5,MAR,NeuMiss_d3,3,0.276759129474877,0.477825,success
CaliforniaHousing,0.5,MAR,NeuMiss_d5,3,0.2779672055870577,0.477825,success
CaliforniaHousing,0.5,MAR,NM+C_gelu,3,0.3718730675769859,0.477825,success
CaliforniaHousing,0.5,MAR,PretrainEnc,3,0.3484756437041471,0.477825,success
CaliforniaHousing,0.5,MAR,ImputeMLP,3,0.526800609076449,0.477825,success
CaliforniaHousing,0.5,MAR,IterImp+Ridge,3,0.2672673914356767,0.477825,success
CaliforniaHousing,0.5,MAR,IterImp+RF,3,0.47494291196989225,0.477825,success
CaliforniaHousing,0.5,MAR,NeuMiss_d3,4,0.2760660706169257,0.477025,success
CaliforniaHousing,0.5,MAR,NeuMiss_d5,4,0.3194870792253367,0.477025,success
CaliforniaHousing,0.5,MAR,NM+C_gelu,4,0.3514185212223846,0.477025,success
CaliforniaHousing,0.5,MAR,PretrainEnc,4,0.382123609664449,0.477025,success
CaliforniaHousing,0.5,MAR,ImputeMLP,4,0.48310094266183545,0.477025,success
CaliforniaHousing,0.5,MAR,IterImp+Ridge,4,0.2867420301372856,0.477025,success
CaliforniaHousing,0.5,MAR,IterImp+RF,4,0.4274019190462762,0.477025,success
Diabetes,0.1,MCAR,NeuMiss_d3,0,-0.31201519818845247,0.10113122171945702,success
Diabetes,0.1,MCAR,NeuMiss_d5,0,-0.1637190234240271,0.10113122171945702,success
Diabetes,0.1,MCAR,NM+C_gelu,0,-0.6033416974276917,0.10113122171945702,success
Diabetes,0.1,MCAR,PretrainEnc,0,0.3497540755836782,0.10113122171945702,success
Diabetes,0.1,MCAR,ImputeMLP,0,0.423320242157775,0.10113122171945702,success
Diabetes,0.1,MCAR,IterImp+Ridge,0,0.4595059759664367,0.10113122171945702,success
Diabetes,0.1,MCAR,IterImp+RF,0,0.4235954049595352,0.10113122171945702,success
Diabetes,0.1,MCAR,NeuMiss_d3,1,0.21232567968546512,0.09819004524886878,success
Diabetes,0.1,MCAR,NeuMiss_d5,1,-0.6226687113925058,0.09819004524886878,success
Diabetes,0.1,MCAR,NM+C_gelu,1,-0.09320849928231412,0.09819004524886878,success
Diabetes,0.1,MCAR,PretrainEnc,1,0.4335115986734317,0.09819004524886878,success
Diabetes,0.1,MCAR,ImputeMLP,1,0.5236135006209565,0.09819004524886878,success
Diabetes,0.1,MCAR,IterImp+Ridge,1,0.5363723693386999,0.09819004524886878,success
Diabetes,0.1,MCAR,IterImp+RF,1,0.47303090782871593,0.09819004524886878,success
Diabetes,0.1,MCAR,NeuMiss_d3,2,-0.1513973017962058,0.09457013574660633,success
Diabetes,0.1,MCAR,NeuMiss_d5,2,-0.40440333575960064,0.09457013574660633,success
Diabetes,0.1,MCAR,NM+C_gelu,2,-0.9327580124752142,0.09457013574660633,success
Diabetes,0.1,MCAR,PretrainEnc,2,0.32084601647043864,0.09457013574660633,success
Diabetes,0.1,MCAR,ImputeMLP,2,0.31494737506880455,0.09457013574660633,success
Diabetes,0.1,MCAR,IterImp+Ridge,2,0.36086071913483453,0.09457013574660633,success
Diabetes,0.1,MCAR,IterImp+RF,2,0.24962586925121089,0.09457013574660633,success
Diabetes,0.1,MCAR,NeuMiss_d3,3,-1.1014604163206845,0.09660633484162896,success
Diabetes,0.1,MCAR,NeuMiss_d5,3,-1.16154563037023,0.09660633484162896,success
Diabetes,0.1,MCAR,NM+C_gelu,3,-0.35680362106727026,0.09660633484162896,success
Diabetes,0.1,MCAR,PretrainEnc,3,0.44442183814580727,0.09660633484162896,success
Diabetes,0.1,MCAR,ImputeMLP,3,0.5512116102996536,0.09660633484162896,success
Diabetes,0.1,MCAR,IterImp+Ridge,3,0.5645734314683499,0.09660633484162896,success
Diabetes,0.1,MCAR,IterImp+RF,3,0.4993588585525318,0.09660633484162896,success
Diabetes,0.1,MCAR,NeuMiss_d3,4,0.26343522044615064,0.09343891402714932,success
Diabetes,0.1,MCAR,NeuMiss_d5,4,-0.4254128539301989,0.09343891402714932,success
Diabetes,0.1,MCAR,NM+C_gelu,4,-0.8073831437969277,0.09343891402714932,success
Diabetes,0.1,MCAR,PretrainEnc,4,0.09994400874226228,0.09343891402714932,success
Diabetes,0.1,MCAR,ImputeMLP,4,0.3482089144706578,0.09343891402714932,success
Diabetes,0.1,MCAR,IterImp+Ridge,4,0.3923086873246324,0.09343891402714932,success
Diabetes,0.1,MCAR,IterImp+RF,4,0.41314724167117667,0.09343891402714932,success
Diabetes,0.1,MAR,NeuMiss_d3,0,-0.2644264530792535,0.21040723981900453,success
Diabetes,0.1,MAR,NeuMiss_d5,0,-0.25010930856536273,0.21040723981900453,success
Diabetes,0.1,MAR,NM+C_gelu,0,-0.5162922533421586,0.21040723981900453,success
Diabetes,0.1,MAR,PretrainEnc,0,0.44090911239473807,0.21040723981900453,success
Diabetes,0.1,MAR,ImputeMLP,0,0.40659094846346544,0.21040723981900453,success
Diabetes,0.1,MAR,IterImp+Ridge,0,0.3970671602938307,0.21040723981900453,success
Diabetes,0.1,MAR,IterImp+RF,0,0.3849746204729084,0.21040723981900453,success
Diabetes,0.1,MAR,NeuMiss_d3,1,-0.38553067965902277,0.20452488687782805,success
Diabetes,0.1,MAR,NeuMiss_d5,1,-0.8133981355206892,0.20452488687782805,success
Diabetes,0.1,MAR,NM+C_gelu,1,-1.045116728751137,0.20452488687782805,success
Diabetes,0.1,MAR,PretrainEnc,1,0.3190302689677764,0.20452488687782805,success
Diabetes,0.1,MAR,ImputeMLP,1,0.5033041786478916,0.20452488687782805,success
Diabetes,0.1,MAR,IterImp+Ridge,1,0.5681647056051506,0.20452488687782805,success
Diabetes,0.1,MAR,IterImp+RF,1,0.5472347117274887,0.20452488687782805,success
Diabetes,0.1,MAR,NeuMiss_d3,2,-0.29814600236526023,0.20452488687782805,success
Diabetes,0.1,MAR,NeuMiss_d5,2,-0.356219936232262,0.20452488687782805,success
Diabetes,0.1,MAR,NM+C_gelu,2,-1.133609451966513,0.20452488687782805,success
Diabetes,0.1,MAR,PretrainEnc,2,0.2836440717775117,0.20452488687782805,success
Diabetes,0.1,MAR,ImputeMLP,2,0.29964388334006775,0.20452488687782805,success
Diabetes,0.1,MAR,IterImp+Ridge,2,0.2398382376568231,0.20452488687782805,success
Diabetes,0.1,MAR,IterImp+RF,2,0.19035194903925212,0.20452488687782805,success
Diabetes,0.1,MAR,NeuMiss_d3,3,-1.6923661423298633,0.19434389140271494,success
Diabetes,0.1,MAR,NeuMiss_d5,3,-0.7500040080131389,0.19434389140271494,success
Diabetes,0.1,MAR,NM+C_gelu,3,-0.729410330629231,0.19434389140271494,success
Diabetes,0.1,MAR,PretrainEnc,3,0.3558363393853532,0.19434389140271494,success
Diabetes,0.1,MAR,ImputeMLP,3,0.47853607567274703,0.19434389140271494,success
Diabetes,0.1,MAR,IterImp+Ridge,3,0.5312382141339729,0.19434389140271494,success
Diabetes,0.1,MAR,IterImp+RF,3,0.4183543304668541,0.19434389140271494,success
Diabetes,0.1,MAR,NeuMiss_d3,4,-0.3760852686436851,0.19751131221719456,success
Diabetes,0.1,MAR,NeuMiss_d5,4,-0.6099182086293704,0.19751131221719456,success
Diabetes,0.1,MAR,NM+C_gelu,4,-1.1201517124876847,0.19751131221719456,success
Diabetes,0.1,MAR,PretrainEnc,4,0.2173879162335669,0.19751131221719456,success
Diabetes,0.1,MAR,ImputeMLP,4,0.31591498772395876,0.19751131221719456,success
Diabetes,0.1,MAR,IterImp+Ridge,4,0.3862933511139601,0.19751131221719456,success
Diabetes,0.1,MAR,IterImp+RF,4,0.400845199652652,0.19751131221719456,success
Diabetes,0.3,MCAR,NeuMiss_d3,0,-0.7496883881704206,0.3058823529411765,success
Diabetes,0.3,MCAR,NeuMiss_d5,0,-0.9004543743705109,0.3058823529411765,success
Diabetes,0.3,MCAR,NM+C_gelu,0,-1.368277861224319,0.3058823529411765,success
Diabetes,0.3,MCAR,PretrainEnc,0,0.12375061995462511,0.3058823529411765,success
Diabetes,0.3,MCAR,ImputeMLP,0,0.32720986209683134,0.3058823529411765,success
Diabetes,0.3,MCAR,IterImp+Ridge,0,0.44230264148894793,0.3058823529411765,success
Diabetes,0.3,MCAR,IterImp+RF,0,0.4240971253630914,0.3058823529411765,success
Diabetes,0.3,MCAR,NeuMiss_d3,1,-0.1573906542374166,0.3029411764705882,success
Diabetes,0.3,MCAR,NeuMiss_d5,1,-1.4230766603196754,0.3029411764705882,success
Diabetes,0.3,MCAR,NM+C_gelu,1,-0.7587750719466382,0.3029411764705882,success
Diabetes,0.3,MCAR,PretrainEnc,1,0.35222718127045705,0.3029411764705882,success
Diabetes,0.3,MCAR,ImputeMLP,1,0.4369548062399865,0.3029411764705882,success
Diabetes,0.3,MCAR,IterImp+Ridge,1,0.49027955915118715,0.3029411764705882,success
Diabetes,0.3,MCAR,IterImp+RF,1,0.4635673903084765,0.3029411764705882,success
Diabetes,0.3,MCAR,NeuMiss_d3,2,-0.9198847638396868,0.29457013574660634,success
Diabetes,0.3,MCAR,NeuMiss_d5,2,-1.0537134311481622,0.29457013574660634,success
Diabetes,0.3,MCAR,NM+C_gelu,2,-1.3013084554919545,0.29457013574660634,success
Diabetes,0.3,MCAR,PretrainEnc,2,0.2756598364782745,0.29457013574660634,success
Diabetes,0.3,MCAR,ImputeMLP,2,0.3961903489784194,0.29457013574660634,success
Diabetes,0.3,MCAR,IterImp+Ridge,2,0.4211485178646651,0.29457013574660634,success
Diabetes,0.3,MCAR,IterImp+RF,2,0.3713180077879453,0.29457013574660634,success
Diabetes,0.3,MCAR,NeuMiss_d3,3,-1.0434462091780285,0.29411764705882354,success
Diabetes,0.3,MCAR,NeuMiss_d5,3,-0.34205295755309306,0.29411764705882354,success
Diabetes,0.3,MCAR,NM+C_gelu,3,-0.3462796160194521,0.29411764705882354,success
Diabetes,0.3,MCAR,PretrainEnc,3,0.2981014919456828,0.29411764705882354,success
Diabetes,0.3,MCAR,ImputeMLP,3,0.5262801308235069,0.29411764705882354,success
Diabetes,0.3,MCAR,IterImp+Ridge,3,0.4652620621946767,0.29411764705882354,success
Diabetes,0.3,MCAR,IterImp+RF,3,0.4254293391330807,0.29411764705882354,success
Diabetes,0.3,MCAR,NeuMiss_d3,4,-0.05895131364215023,0.2925339366515837,success
Diabetes,0.3,MCAR,NeuMiss_d5,4,-0.5329726265167358,0.2925339366515837,success
Diabetes,0.3,MCAR,NM+C_gelu,4,-1.1373636400888731,0.2925339366515837,success
Diabetes,0.3,MCAR,PretrainEnc,4,0.13285251983545288,0.2925339366515837,success
Diabetes,0.3,MCAR,ImputeMLP,4,0.2715614032051904,0.2925339366515837,success
Diabetes,0.3,MCAR,IterImp+Ridge,4,0.29357388891587033,0.2925339366515837,success
Diabetes,0.3,MCAR,IterImp+RF,4,0.25970447622902426,0.2925339366515837,success
Diabetes,0.3,MAR,NeuMiss_d3,0,-0.24524159330937878,0.36447963800904976,success
Diabetes,0.3,MAR,NeuMiss_d5,0,-0.06058340931061856,0.36447963800904976,success
Diabetes,0.3,MAR,NM+C_gelu,0,-0.7250829680246551,0.36447963800904976,success
Diabetes,0.3,MAR,PretrainEnc,0,0.366132606409837,0.36447963800904976,success
Diabetes,0.3,MAR,ImputeMLP,0,0.38980769464079745,0.36447963800904976,success
Diabetes,0.3,MAR,IterImp+Ridge,0,0.3177326455583528,0.36447963800904976,success
Diabetes,0.3,MAR,IterImp+RF,0,0.25428860780263085,0.36447963800904976,success
Diabetes,0.3,MAR,NeuMiss_d3,1,-0.08357522511468551,0.3753393665158371,success
Diabetes,0.3,MAR,NeuMiss_d5,1,-0.563374311130479,0.3753393665158371,success
Diabetes,0.3,MAR,NM+C_gelu,1,-0.8083605947544128,0.3753393665158371,success
Diabetes,0.3,MAR,PretrainEnc,1,0.4513911228061356,0.3753393665158371,success
Diabetes,0.3,MAR,ImputeMLP,1,0.5092159986866884,0.3753393665158371,success
Diabetes,0.3,MAR,IterImp+Ridge,1,0.5212134249341239,0.3753393665158371,success
Diabetes,0.3,MAR,IterImp+RF,1,0.4588936419014674,0.3753393665158371,success
Diabetes,0.3,MAR,NeuMiss_d3,2,-1.0080285312398907,0.3563348416289593,success
Diabetes,0.3,MAR,NeuMiss_d5,2,-1.0283882860783056,0.3563348416289593,success
Diabetes,0.3,MAR,NM+C_gelu,2,-0.9832638550371671,0.3563348416289593,success
Diabetes,0.3,MAR,PretrainEnc,2,0.24397830478742877,0.3563348416289593,success
Diabetes,0.3,MAR,ImputeMLP,2,0.18646694069810177,0.3563348416289593,success
Diabetes,0.3,MAR,IterImp+Ridge,2,0.18281777480667194,0.3563348416289593,success
Diabetes,0.3,MAR,IterImp+RF,2,0.12823062632008375,0.3563348416289593,success
Diabetes,0.3,MAR,NeuMiss_d3,3,-0.6498229870697285,0.3606334841628959,success
Diabetes,0.3,MAR,NeuMiss_d5,3,-1.1159847731105614,0.3606334841628959,success
Diabetes,0.3,MAR,NM+C_gelu,3,-0.47136754263168323,0.3606334841628959,success
Diabetes,0.3,MAR,PretrainEnc,3,0.40835989029397546,0.3606334841628959,success
Diabetes,0.3,MAR,ImputeMLP,3,0.4696456079345085,0.3606334841628959,success
Diabetes,0.3,MAR,IterImp+Ridge,3,0.42806367200928785,0.3606334841628959,success
Diabetes,0.3,MAR,IterImp+RF,3,0.4385909197696115,0.3606334841628959,success
Diabetes,0.3,MAR,NeuMiss_d3,4,-0.30475666427560033,0.3592760180995475,success
Diabetes,0.3,MAR,NeuMiss_d5,4,-0.653186866517868,0.3592760180995475,success
Diabetes,0.3,MAR,NM+C_gelu,4,-1.449732406583328,0.3592760180995475,success
Diabetes,0.3,MAR,PretrainEnc,4,-0.029244467790848327,0.3592760180995475,success
Diabetes,0.3,MAR,ImputeMLP,4,0.2059975135184201,0.3592760180995475,success
Diabetes,0.3,MAR,IterImp+Ridge,4,0.2144646550684346,0.3592760180995475,success
Diabetes,0.3,MAR,IterImp+RF,4,0.1701460776674244,0.3592760180995475,success
Diabetes,0.5,MCAR,NeuMiss_d3,0,-0.1287578797679243,0.503393665158371,success
Diabetes,0.5,MCAR,NeuMiss_d5,0,-0.7256872681905524,0.503393665158371,success
Diabetes,0.5,MCAR,NM+C_gelu,0,-1.276049646050844,0.503393665158371,success
Diabetes,0.5,MCAR,PretrainEnc,0,0.013906426069856481,0.503393665158371,success
Diabetes,0.5,MCAR,ImputeMLP,0,0.2585605564356612,0.503393665158371,success
Diabetes,0.5,MCAR,IterImp+Ridge,0,0.31139606454539226,0.503393665158371,success
Diabetes,0.5,MCAR,IterImp+RF,0,0.2213628061387407,0.503393665158371,success
Diabetes,0.5,MCAR,NeuMiss_d3,1,-0.696866409342435,0.5018099547511312,success
Diabetes,0.5,MCAR,NeuMiss_d5,1,-1.725711408614401,0.5018099547511312,success
Diabetes,0.5,MCAR,NM+C_gelu,1,-0.1911410070400259,0.5018099547511312,success
Diabetes,0.5,MCAR,PretrainEnc,1,0.36354772283864845,0.5018099547511312,success
Diabetes,0.5,MCAR,ImputeMLP,1,0.4207077072523221,0.5018099547511312,success
Diabetes,0.5,MCAR,IterImp+Ridge,1,0.428512079424752,0.5018099547511312,success
Diabetes,0.5,MCAR,IterImp+RF,1,0.3633860580236852,0.5018099547511312,success
Diabetes,0.5,MCAR,NeuMiss_d3,2,-0.747105028439935,0.48959276018099546,success
Diabetes,0.5,MCAR,NeuMiss_d5,2,-0.5045386919875581,0.48959276018099546,success
Diabetes,0.5,MCAR,NM+C_gelu,2,-1.1514241467965305,0.48959276018099546,success
Diabetes,0.5,MCAR,PretrainEnc,2,0.1947896802051241,0.48959276018099546,success
Diabetes,0.5,MCAR,ImputeMLP,2,0.21599198328983626,0.48959276018099546,success
Diabetes,0.5,MCAR,IterImp+Ridge,2,0.23350229262322397,0.48959276018099546,success
Diabetes,0.5,MCAR,IterImp+RF,2,0.14326456108968633,0.48959276018099546,success
Diabetes,0.5,MCAR,NeuMiss_d3,3,-0.9931548094596154,0.4850678733031674,success
Diabetes,0.5,MCAR,NeuMiss_d5,3,-0.8172480417735022,0.4850678733031674,success
Diabetes,0.5,MCAR,NM+C_gelu,3,-0.717782899094475,0.4850678733031674,success
Diabetes,0.5,MCAR,PretrainEnc,3,0.30540904235555033,0.4850678733031674,success
Diabetes,0.5,MCAR,ImputeMLP,3,0.4935714479268555,0.4850678733031674,success
Diabetes,0.5,MCAR,IterImp+Ridge,3,0.46437698432707764,0.4850678733031674,success
Diabetes,0.5,MCAR,IterImp+RF,3,0.3831675814647747,0.4850678733031674,success
Diabetes,0.5,MCAR,NeuMiss_d3,4,-0.07211446775992858,0.48665158371040723,success
Diabetes,0.5,MCAR,NeuMiss_d5,4,-1.3205644761694106,0.48665158371040723,success
Diabetes,0.5,MCAR,NM+C_gelu,4,-1.8387534075902563,0.48665158371040723,success
Diabetes,0.5,MCAR,PretrainEnc,4,-0.06010600670467947,0.48665158371040723,success
Diabetes,0.5,MCAR,ImputeMLP,4,0.2573556151545041,0.48665158371040723,success
Diabetes,0.5,MCAR,IterImp+Ridge,4,0.2715638943093247,0.48665158371040723,success
Diabetes,0.5,MCAR,IterImp+RF,4,0.25246820792018,0.48665158371040723,success
Diabetes,0.5,MAR,NeuMiss_d3,0,-0.24634466588456227,0.48823529411764705,success
Diabetes,0.5,MAR,NeuMiss_d5,0,-1.0159239915812805,0.48823529411764705,success
Diabetes,0.5,MAR,NM+C_gelu,0,-0.6608207354705982,0.48823529411764705,success
Diabetes,0.5,MAR,PretrainEnc,0,0.21696466582768437,0.48823529411764705,success
Diabetes,0.5,MAR,ImputeMLP,0,0.33409724353421766,0.48823529411764705,success
Diabetes,0.5,MAR,IterImp+Ridge,0,0.23270760074302488,0.48823529411764705,success
Diabetes,0.5,MAR,IterImp+RF,0,0.2122029882760743,0.48823529411764705,success
Diabetes,0.5,MAR,NeuMiss_d3,1,-0.6348123697777184,0.4918552036199095,success
Diabetes,0.5,MAR,NeuMiss_d5,1,-1.3094445538607236,0.4918552036199095,success
Diabetes,0.5,MAR,NM+C_gelu,1,-0.559741537332332,0.4918552036199095,success
Diabetes,0.5,MAR,PretrainEnc,1,0.5194087768102684,0.4918552036199095,success
Diabetes,0.5,MAR,ImputeMLP,1,0.46105248200374394,0.4918552036199095,success
Diabetes,0.5,MAR,IterImp+Ridge,1,0.4403692075241956,0.4918552036199095,success
Diabetes,0.5,MAR,IterImp+RF,1,0.4147088242456277,0.4918552036199095,success
Diabetes,0.5,MAR,NeuMiss_d3,2,-0.8492887225362267,0.4816742081447964,success
Diabetes,0.5,MAR,NeuMiss_d5,2,-0.394636078755946,0.4816742081447964,success
Diabetes,0.5,MAR,NM+C_gelu,2,-0.42288207835106917,0.4816742081447964,success
Diabetes,0.5,MAR,PretrainEnc,2,0.19605832559689096,0.4816742081447964,success
Diabetes,0.5,MAR,ImputeMLP,2,0.21889318872522723,0.4816742081447964,success
Diabetes,0.5,MAR,IterImp+Ridge,2,0.1875030557114904,0.4816742081447964,success
Diabetes,0.5,MAR,IterImp+RF,2,0.22261024257442208,0.4816742081447964,success
Diabetes,0.5,MAR,NeuMiss_d3,3,-0.7903128552874981,0.47330316742081446,success
Diabetes,0.5,MAR,NeuMiss_d5,3,-2.846575163361583,0.47330316742081446,success
Diabetes,0.5,MAR,NM+C_gelu,3,-0.3596994125498436,0.47330316742081446,success
Diabetes,0.5,MAR,PretrainEnc,3,0.360442288266031,0.47330316742081446,success
Diabetes,0.5,MAR,ImputeMLP,3,0.4620368526413463,0.47330316742081446,success
Diabetes,0.5,MAR,IterImp+Ridge,3,0.32862845024029097,0.47330316742081446,success
Diabetes,0.5,MAR,IterImp+RF,3,0.3526282081648857,0.47330316742081446,success
Diabetes,0.5,MAR,NeuMiss_d3,4,-0.14165430897461784,0.47307692307692306,success
Diabetes,0.5,MAR,NeuMiss_d5,4,-0.9157164002265037,0.47307692307692306,success
Diabetes,0.5,MAR,NM+C_gelu,4,-1.2986721864212099,0.47307692307692306,success
Diabetes,0.5,MAR,PretrainEnc,4,0.0019930839700027514,0.47307692307692306,success
Diabetes,0.5,MAR,ImputeMLP,4,0.1447741494033843,0.47307692307692306,success
Diabetes,0.5,MAR,IterImp+Ridge,4,0.21876866201169265,0.47307692307692306,success
Diabetes,0.5,MAR,IterImp+RF,4,0.14882352580358238,0.47307692307692306,success
AmesHousing,0.1,MCAR,NeuMiss_d3,0,-4.249765815663537,0.09836777008944717,success
AmesHousing,0.1,MCAR,NeuMiss_d5,0,-5.694861741274271,0.09836777008944717,success
AmesHousing,0.1,MCAR,NM+C_gelu,0,-4.18702713135657,0.09836777008944717,success
AmesHousing,0.1,MCAR,PretrainEnc,0,0.7005571384707991,0.09836777008944717,success
AmesHousing,0.1,MCAR,ImputeMLP,0,0.6801167295187616,0.09836777008944717,success
AmesHousing,0.1,MCAR,IterImp+Ridge,0,0.7804960097695833,0.09836777008944717,success
AmesHousing,0.1,MCAR,IterImp+RF,0,0.8466436886185191,0.09836777008944717,success
AmesHousing,0.1,MCAR,NeuMiss_d3,1,-4.640989224365104,0.09846420907973094,success
AmesHousing,0.1,MCAR,NeuMiss_d5,1,-2.071069195705796,0.09846420907973094,success
AmesHousing,0.1,MCAR,NM+C_gelu,1,-8.807104488406512,0.09846420907973094,success
AmesHousing,0.1,MCAR,PretrainEnc,1,0.8008443962611989,0.09846420907973094,success
AmesHousing,0.1,MCAR,ImputeMLP,1,0.818210204508149,0.09846420907973094,success
AmesHousing,0.1,MCAR,IterImp+Ridge,1,0.8626650118329628,0.09846420907973094,success
AmesHousing,0.1,MCAR,IterImp+RF,1,0.8993544882337707,0.09846420907973094,success
AmesHousing,0.1,MCAR,NeuMiss_d3,2,-4.821313235240607,0.09954914772042336,success
AmesHousing,0.1,MCAR,NeuMiss_d5,2,-5.3629654471118915,0.09954914772042336,success
AmesHousing,0.1,MCAR,NM+C_gelu,2,-7.367180470806579,0.09954914772042336,success
AmesHousing,0.1,MCAR,PretrainEnc,2,0.7770124439251453,0.09954914772042336,success
AmesHousing,0.1,MCAR,ImputeMLP,2,0.815236332819836,0.09954914772042336,success
AmesHousing,0.1,MCAR,IterImp+Ridge,2,0.7707797552816941,0.09954914772042336,success
AmesHousing,0.1,MCAR,IterImp+RF,2,0.8133780502710454,0.09954914772042336,success
AmesHousing,0.1,MCAR,NeuMiss_d3,3,-5.809705121025977,0.09718639245847097,success
AmesHousing,0.1,MCAR,NeuMiss_d5,3,-9.14988585282228,0.09718639245847097,success
AmesHousing,0.1,MCAR,NM+C_gelu,3,-15.085007738399234,0.09718639245847097,success
AmesHousing,0.1,MCAR,PretrainEnc,3,0.7912219018404626,0.09718639245847097,success
AmesHousing,0.1,MCAR,ImputeMLP,3,0.8083348061809359,0.09718639245847097,success
AmesHousing,0.1,MCAR,IterImp+Ridge,3,0.7465015762519929,0.09718639245847097,success
AmesHousing,0.1,MCAR,IterImp+RF,3,0.8689621216848645,0.09718639245847097,success
AmesHousing,0.1,MCAR,NeuMiss_d3,4,-4.356139006825844,0.09728283144875473,success
AmesHousing,0.1,MCAR,NeuMiss_d5,4,-4.843161900327581,0.09728283144875473,success
AmesHousing,0.1,MCAR,NM+C_gelu,4,-9.829084357504886,0.09728283144875473,success
AmesHousing,0.1,MCAR,PretrainEnc,4,-0.09930614572332819,0.09728283144875473,success
AmesHousing,0.1,MCAR,ImputeMLP,4,0.5926637504248173,0.09728283144875473,success
AmesHousing,0.1,MCAR,IterImp+Ridge,4,0.29335442664470746,0.09728283144875473,success
AmesHousing,0.1,MCAR,IterImp+RF,4,0.7420646998934758,0.09728283144875473,success
AmesHousing,0.1,MAR,NeuMiss_d3,0,-3.343808970493173,0.175760059792174,success
AmesHousing,0.1,MAR,NeuMiss_d5,0,-4.013070882333641,0.175760059792174,success
AmesHousing,0.1,MAR,NM+C_gelu,0,-3.4940462025594634,0.175760059792174,success
AmesHousing,0.1,MAR,PretrainEnc,0,0.7329104533632947,0.175760059792174,success
AmesHousing,0.1,MAR,ImputeMLP,0,0.656740697637694,0.175760059792174,success
AmesHousing,0.1,MAR,IterImp+Ridge,0,0.7842262050048113,0.175760059792174,success
AmesHousing,0.1,MAR,IterImp+RF,0,0.824679040084957,0.175760059792174,success
AmesHousing,0.1,MAR,NeuMiss_d3,1,-6.4585511611892885,0.1757118402970321,success
AmesHousing,0.1,MAR,NeuMiss_d5,1,-2.4169456094798445,0.1757118402970321,success
AmesHousing,0.1,MAR,NM+C_gelu,1,-6.018406282555228,0.1757118402970321,success
AmesHousing,0.1,MAR,PretrainEnc,1,0.7837907649695457,0.1757118402970321,success
AmesHousing,0.1,MAR,ImputeMLP,1,0.7197594884708761,0.1757118402970321,success
AmesHousing,0.1,MAR,IterImp+Ridge,1,0.8372758152237015,0.1757118402970321,success
AmesHousing,0.1,MAR,IterImp+RF,1,0.9052239617065413,0.1757118402970321,success
AmesHousing,0.1,MAR,NeuMiss_d3,2,-4.469824935115503,0.17913542445210598,success
AmesHousing,0.1,MAR,NeuMiss_d5,2,-5.830100583310003,0.17913542445210598,success
AmesHousing,0.1,MAR,NM+C_gelu,2,-6.4187943577409605,0.17913542445210598,success
AmesHousing,0.1,MAR,PretrainEnc,2,0.7429318201847528,0.17913542445210598,success
AmesHousing,0.1,MAR,ImputeMLP,2,0.8316816702419404,0.17913542445210598,success
AmesHousing,0.1,MAR,IterImp+Ridge,2,0.776150100487222,0.17913542445210598,success
AmesHousing,0.1,MAR,IterImp+RF,2,0.7599212278618983,0.17913542445210598,success
AmesHousing,0.1,MAR,NeuMiss_d3,3,-4.639966594030136,0.17706198616100488,success
AmesHousing,0.1,MAR,NeuMiss_d5,3,-4.820947438276268,0.17706198616100488,success
AmesHousing,0.1,MAR,NM+C_gelu,3,-3.952074236424118,0.17706198616100488,success
AmesHousing,0.1,MAR,PretrainEnc,3,0.7806642397931014,0.17706198616100488,success
AmesHousing,0.1,MAR,ImputeMLP,3,0.7611764977696278,0.17706198616100488,success
AmesHousing,0.1,MAR,IterImp+Ridge,3,0.7439068125585,0.17706198616100488,success
AmesHousing,0.1,MAR,IterImp+RF,3,0.8708992342918345,0.17706198616100488,success
AmesHousing,0.1,MAR,NeuMiss_d3,4,-3.085971447664983,0.17679677893772452,success
AmesHousing,0.1,MAR,NeuMiss_d5,4,-3.8022003861340394,0.17679677893772452,success
AmesHousing,0.1,MAR,NM+C_gelu,4,-3.7329470263018303,0.17679677893772452,success
AmesHousing,0.1,MAR,PretrainEnc,4,0.5025867855605202,0.17679677893772452,success
AmesHousing,0.1,MAR,ImputeMLP,4,0.7108228523659551,0.17679677893772452,success
AmesHousing,0.1,MAR,IterImp+Ridge,4,0.400046364319804,0.17679677893772452,success
AmesHousing,0.1,MAR,IterImp+RF,4,0.8041492637147531,0.17679677893772452,success
AmesHousing,0.3,MCAR,NeuMiss_d3,0,-6.610630049083017,0.2994189550835403,success
AmesHousing,0.3,MCAR,NeuMiss_d5,0,-8.239985470857036,0.2994189550835403,success
AmesHousing,0.3,MCAR,NM+C_gelu,0,-3.7288766673876896,0.2994189550835403,success
AmesHousing,0.3,MCAR,PretrainEnc,0,0.7213054586447363,0.2994189550835403,success
AmesHousing,0.3,MCAR,ImputeMLP,0,0.6077597768819216,0.2994189550835403,success
AmesHousing,0.3,MCAR,IterImp+Ridge,0,0.752320862347171,0.2994189550835403,success
AmesHousing,0.3,MCAR,IterImp+RF,0,0.7949662840408016,0.2994189550835403,success
AmesHousing,0.3,MCAR,NeuMiss_d3,1,-4.968578703544328,0.3002386865009523,success
AmesHousing,0.3,MCAR,NeuMiss_d5,1,-6.837778886295354,0.3002386865009523,success
AmesHousing,0.3,MCAR,NM+C_gelu,1,-5.355093205548449,0.3002386865009523,success
AmesHousing,0.3,MCAR,PretrainEnc,1,0.7299544577251142,0.3002386865009523,success
AmesHousing,0.3,MCAR,ImputeMLP,1,0.786114032212945,0.3002386865009523,success
AmesHousing,0.3,MCAR,IterImp+Ridge,1,0.7100500348366667,0.3002386865009523,success
AmesHousing,0.3,MCAR,IterImp+RF,1,0.7845133859660407,0.3002386865009523,success
AmesHousing,0.3,MCAR,NeuMiss_d3,2,-4.80549141257768,0.2977553825011452,success
AmesHousing,0.3,MCAR,NeuMiss_d5,2,-8.395626824989838,0.2977553825011452,success
AmesHousing,0.3,MCAR,NM+C_gelu,2,-7.112576637498341,0.2977553825011452,success
AmesHousing,0.3,MCAR,PretrainEnc,2,0.7644741552444747,0.2977553825011452,success
AmesHousing,0.3,MCAR,ImputeMLP,2,0.822769011752582,0.2977553825011452,success
AmesHousing,0.3,MCAR,IterImp+Ridge,2,0.7531294852589757,0.2977553825011452,success
AmesHousing,0.3,MCAR,IterImp+RF,2,0.7901065915576342,0.2977553825011452,success
AmesHousing,0.3,MCAR,NeuMiss_d3,3,-7.916378654084594,0.2968392120934494,success
AmesHousing,0.3,MCAR,NeuMiss_d5,3,-8.811709602898617,0.2968392120934494,success
AmesHousing,0.3,MCAR,NM+C_gelu,3,-7.4292462950797855,0.2968392120934494,success
AmesHousing,0.3,MCAR,PretrainEnc,3,0.7093316676699938,0.2968392120934494,success
AmesHousing,0.3,MCAR,ImputeMLP,3,0.6957021533528139,0.2968392120934494,success
AmesHousing,0.3,MCAR,IterImp+Ridge,3,0.7692481514498568,0.2968392120934494,success
AmesHousing,0.3,MCAR,IterImp+RF,3,0.8416916053499652,0.2968392120934494,success
AmesHousing,0.3,MCAR,NeuMiss_d3,4,-5.148327524865907,0.2937049449092268,success
AmesHousing,0.3,MCAR,NeuMiss_d5,4,-7.795781037625005,0.2937049449092268,success
AmesHousing,0.3,MCAR,NM+C_gelu,4,-5.6120749660876434,0.2937049449092268,success
AmesHousing,0.3,MCAR,PretrainEnc,4,0.5768862674510984,0.2937049449092268,success
AmesHousing,0.3,MCAR,ImputeMLP,4,0.706487877063598,0.2937049449092268,success
AmesHousing,0.3,MCAR,IterImp+Ridge,4,0.7103348630868132,0.2937049449092268,success
AmesHousing,0.3,MCAR,IterImp+RF,4,0.7480856714704275,0.2937049449092268,success
AmesHousing,0.3,MAR,NeuMiss_d3,0,-4.961507081513374,0.3339682233527015,success
AmesHousing,0.3,MAR,NeuMiss_d5,0,-9.012806436818897,0.3339682233527015,success
AmesHousing,0.3,MAR,NM+C_gelu,0,-3.8200181508962565,0.3339682233527015,success
AmesHousing,0.3,MAR,PretrainEnc,0,0.5761522932889422,0.3339682233527015,success
AmesHousing,0.3,MAR,ImputeMLP,0,0.6029842430720853,0.3339682233527015,success
AmesHousing,0.3,MAR,IterImp+Ridge,0,0.7684056128222524,0.3339682233527015,success
AmesHousing,0.3,MAR,IterImp+RF,0,0.7833247429289346,0.3339682233527015,success
AmesHousing,0.3,MAR,NeuMiss_d3,1,-7.906096891495368,0.3343057598186947,success
AmesHousing,0.3,MAR,NeuMiss_d5,1,-7.143026594875499,0.3343057598186947,success
AmesHousing,0.3,MAR,NM+C_gelu,1,-6.464056190252741,0.3343057598186947,success
AmesHousing,0.3,MAR,PretrainEnc,1,0.6795293927872124,0.3343057598186947,success
AmesHousing,0.3,MAR,ImputeMLP,1,0.699706399660074,0.3343057598186947,success
AmesHousing,0.3,MAR,IterImp+Ridge,1,0.7930290334445542,0.3343057598186947,success
AmesHousing,0.3,MAR,IterImp+RF,1,0.8805557083364459,0.3343057598186947,success
AmesHousing,0.3,MAR,NeuMiss_d3,2,-6.0689033263604335,0.33367890638185016,success
AmesHousing,0.3,MAR,NeuMiss_d5,2,-10.044772133656032,0.33367890638185016,success
AmesHousing,0.3,MAR,NM+C_gelu,2,-9.383180655248394,0.33367890638185016,success
AmesHousing,0.3,MAR,PretrainEnc,2,0.65254716947755,0.33367890638185016,success
AmesHousing,0.3,MAR,ImputeMLP,2,0.7448596868813809,0.33367890638185016,success
AmesHousing,0.3,MAR,IterImp+Ridge,2,0.7444290433754801,0.33367890638185016,success
AmesHousing,0.3,MAR,IterImp+RF,2,0.7981264769951993,0.33367890638185016,success
AmesHousing,0.3,MAR,NeuMiss_d3,3,-7.619692872240362,0.33459507678954603,success
AmesHousing,0.3,MAR,NeuMiss_d5,3,-12.356443243877662,0.33459507678954603,success
AmesHousing,0.3,MAR,NM+C_gelu,3,-3.344409916842067,0.33459507678954603,success
AmesHousing,0.3,MAR,PretrainEnc,3,0.7243380674699285,0.33459507678954603,success
AmesHousing,0.3,MAR,ImputeMLP,3,0.6278949796297542,0.33459507678954603,success
AmesHousing,0.3,MAR,IterImp+Ridge,3,0.7656188071535652,0.33459507678954603,success
AmesHousing,0.3,MAR,IterImp+RF,3,0.7867464578619485,0.33459507678954603,success
AmesHousing,0.3,MAR,NeuMiss_d3,4,-2.761330140947995,0.33119560238204304,success
AmesHousing,0.3,MAR,NeuMiss_d5,4,-5.467299676992974,0.33119560238204304,success
AmesHousing,0.3,MAR,NM+C_gelu,4,-6.374934683704149,0.33119560238204304,success
AmesHousing,0.3,MAR,PretrainEnc,4,0.570014654842596,0.33119560238204304,success
AmesHousing,0.3,MAR,ImputeMLP,4,0.7298017616853685,0.33119560238204304,success
AmesHousing,0.3,MAR,IterImp+Ridge,4,0.583565305125884,0.33119560238204304,success
AmesHousing,0.3,MAR,IterImp+RF,4,0.7583229596866415,0.33119560238204304,success
AmesHousing,0.5,MCAR,NeuMiss_d3,0,-7.882881611701375,0.495985727029438,success
AmesHousing,0.5,MCAR,NeuMiss_d5,0,-14.257775710631536,0.495985727029438,success
AmesHousing,0.5,MCAR,NM+C_gelu,0,-4.117450300658064,0.495985727029438,success
AmesHousing,0.5,MCAR,PretrainEnc,0,0.6318708722647596,0.495985727029438,success
AmesHousing,0.5,MCAR,ImputeMLP,0,0.7712877007468396,0.495985727029438,success
AmesHousing,0.5,MCAR,IterImp+Ridge,0,0.7225286540265038,0.495985727029438,success
AmesHousing,0.5,MCAR,IterImp+RF,0,0.7478812780011154,0.495985727029438,success
AmesHousing,0.5,MCAR,NeuMiss_d3,1,-5.656185022604327,0.5019890541746028,success
AmesHousing,0.5,MCAR,NeuMiss_d5,1,-15.480299222832002,0.5019890541746028,success
AmesHousing,0.5,MCAR,NM+C_gelu,1,-3.8683968962843016,0.5019890541746028,success
AmesHousing,0.5,MCAR,PretrainEnc,1,0.6853600955409458,0.5019890541746028,success
AmesHousing,0.5,MCAR,ImputeMLP,1,0.7165711302776865,0.5019890541746028,success
AmesHousing,0.5,MCAR,IterImp+Ridge,1,0.7284054766308697,0.5019890541746028,success
AmesHousing,0.5,MCAR,IterImp+RF,1,0.7550280280110088,0.5019890541746028,success
AmesHousing,0.5,MCAR,NeuMiss_d3,2,-6.014840901100917,0.49702244617498853,success
AmesHousing,0.5,MCAR,NeuMiss_d5,2,-22.487798571225127,0.49702244617498853,success
AmesHousing,0.5,MCAR,NM+C_gelu,2,-4.754774170299282,0.49702244617498853,success
AmesHousing,0.5,MCAR,PretrainEnc,2,0.6996884813824059,0.49702244617498853,success
AmesHousing,0.5,MCAR,ImputeMLP,2,0.7381528162645723,0.49702244617498853,success
AmesHousing,0.5,MCAR,IterImp+Ridge,2,0.676545183296309,0.49702244617498853,success
AmesHousing,0.5,MCAR,IterImp+RF,2,0.750446065680624,0.49702244617498853,success
AmesHousing,0.5,MCAR,NeuMiss_d3,3,-10.021256940681235,0.4925621428743641,success
AmesHousing,0.5,MCAR,NeuMiss_d5,3,-13.785167918578173,0.4925621428743641,success
AmesHousing,0.5,MCAR,NM+C_gelu,3,-7.4555644837158646,0.4925621428743641,success
AmesHousing,0.5,MCAR,PretrainEnc,3,0.6140198173613278,0.4925621428743641,success
AmesHousing,0.5,MCAR,ImputeMLP,3,0.6913827495257867,0.4925621428743641,success
AmesHousing,0.5,MCAR,IterImp+Ridge,3,0.7301027047254358,0.4925621428743641,success
AmesHousing,0.5,MCAR,IterImp+RF,3,0.7614902535518788,0.4925621428743641,success
AmesHousing,0.5,MCAR,NeuMiss_d3,4,-7.083020929756556,0.4952865443498807,success
AmesHousing,0.5,MCAR,NeuMiss_d5,4,-9.430083109305569,0.4952865443498807,success
AmesHousing,0.5,MCAR,NM+C_gelu,4,-4.020433463200105,0.4952865443498807,success
AmesHousing,0.5,MCAR,PretrainEnc,4,0.6355088917644915,0.4952865443498807,success
AmesHousing,0.5,MCAR,ImputeMLP,4,0.7319800121821438,0.4952865443498807,success
AmesHousing,0.5,MCAR,IterImp+Ridge,4,0.7133217570501929,0.4952865443498807,success
AmesHousing,0.5,MCAR,IterImp+RF,4,0.7156467651161964,0.4952865443498807,success
AmesHousing,0.5,MAR,NeuMiss_d3,0,-8.352010868755306,0.46770499312872194,success
AmesHousing,0.5,MAR,NeuMiss_d5,0,-10.8611025575627,0.46770499312872194,success
AmesHousing,0.5,MAR,NM+C_gelu,0,-5.2663522721239655,0.46770499312872194,success
AmesHousing,0.5,MAR,PretrainEnc,0,0.541339883881393,0.46770499312872194,success
AmesHousing,0.5,MAR,ImputeMLP,0,0.49676623231391115,0.46770499312872194,success
AmesHousing,0.5,MAR,IterImp+Ridge,0,0.5829277562433892,0.46770499312872194,success
AmesHousing,0.5,MAR,IterImp+RF,0,0.6501463733723556,0.46770499312872194,success
AmesHousing,0.5,MAR,NeuMiss_d3,1,-5.745042945585903,0.4686934927791306,success
AmesHousing,0.5,MAR,NeuMiss_d5,1,-9.020955079083059,0.4686934927791306,success
AmesHousing,0.5,MAR,NM+C_gelu,1,-6.8987826326779,0.4686934927791306,success
AmesHousing,0.5,MAR,PretrainEnc,1,0.5097919010176066,0.4686934927791306,success
AmesHousing,0.5,MAR,ImputeMLP,1,0.6590756445053156,0.4686934927791306,success
AmesHousing,0.5,MAR,IterImp+Ridge,1,0.7261668506854062,0.4686934927791306,success
AmesHousing,0.5,MAR,IterImp+RF,1,0.8016938050305076,0.4686934927791306,success
AmesHousing,0.5,MAR,NeuMiss_d3,2,-6.416073015869367,0.46830773681799553,success
AmesHousing,0.5,MAR,NeuMiss_d5,2,-14.694728530169673,0.46830773681799553,success
AmesHousing,0.5,MAR,NM+C_gelu,2,-9.113419386010978,0.46830773681799553,success
AmesHousing,0.5,MAR,PretrainEnc,2,0.7533622574303241,0.46830773681799553,success
AmesHousing,0.5,MAR,ImputeMLP,2,0.7798084239235341,0.46830773681799553,success
AmesHousing,0.5,MAR,IterImp+Ridge,2,0.7261444268608701,0.46830773681799553,success
AmesHousing,0.5,MAR,IterImp+RF,2,0.7664111229469126,0.46830773681799553,success
AmesHousing,0.5,MAR,NeuMiss_d3,3,-10.276044540159994,0.46534223786676954,success
AmesHousing,0.5,MAR,NeuMiss_d5,3,-14.51744599503231,0.46534223786676954,success
AmesHousing,0.5,MAR,NM+C_gelu,3,-4.602326509579464,0.46534223786676954,success
AmesHousing,0.5,MAR,PretrainEnc,3,0.7040280011013679,0.46534223786676954,success
AmesHousing,0.5,MAR,ImputeMLP,3,0.6626666632212349,0.46534223786676954,success
AmesHousing,0.5,MAR,IterImp+Ridge,3,0.7406260972408325,0.46534223786676954,success
AmesHousing,0.5,MAR,IterImp+RF,3,0.8007330372025624,0.46534223786676954,success
AmesHousing,0.5,MAR,NeuMiss_d3,4,-5.909463690546181,0.46572799382790464,success
AmesHousing,0.5,MAR,NeuMiss_d5,4,-11.817014179673718,0.46572799382790464,success
AmesHousing,0.5,MAR,NM+C_gelu,4,-4.406933828946225,0.46572799382790464,success
AmesHousing,0.5,MAR,PretrainEnc,4,0.6455193724663211,0.46572799382790464,success
AmesHousing,0.5,MAR,ImputeMLP,4,0.6553933398834588,0.46572799382790464,success
AmesHousing,0.5,MAR,IterImp+Ridge,4,0.586744169268615,0.46572799382790464,success
AmesHousing,0.5,MAR,IterImp+RF,4,0.7194281729386238,0.46572799382790464,success
WineQuality,0.1,MCAR,NeuMiss_d3,0,0.3528668474039245,0.0972198533174143,success
WineQuality,0.1,MCAR,NeuMiss_d5,0,0.15676582821132534,0.0972198533174143,success
WineQuality,0.1,MCAR,NM+C_gelu,0,-0.013507324568731605,0.0972198533174143,success
WineQuality,0.1,MCAR,PretrainEnc,0,0.38590710669194495,0.0972198533174143,success
WineQuality,0.1,MCAR,ImputeMLP,0,0.40221327118748884,0.0972198533174143,success
WineQuality,0.1,MCAR,IterImp+Ridge,0,0.40054515489447384,0.0972198533174143,success
WineQuality,0.1,MCAR,IterImp+RF,0,0.4713880868075234,0.0972198533174143,success
WineQuality,0.1,MCAR,NeuMiss_d3,1,0.10029892480852476,0.09653760873273068,success
WineQuality,0.1,MCAR,NeuMiss_d5,1,-0.0831091249327105,0.09653760873273068,success
WineQuality,0.1,MCAR,NM+C_gelu,1,-0.23242049896082007,0.09653760873273068,success
WineQuality,0.1,MCAR,PretrainEnc,1,0.23803382430554787,0.09653760873273068,success
WineQuality,0.1,MCAR,ImputeMLP,1,0.30022746704717074,0.09653760873273068,success
WineQuality,0.1,MCAR,IterImp+Ridge,1,0.28892932489469747,0.09653760873273068,success
WineQuality,0.1,MCAR,IterImp+RF,1,0.4262841092427361,0.09653760873273068,success
WineQuality,0.1,MCAR,NeuMiss_d3,2,0.11564390553308201,0.10023310023310024,success
WineQuality,0.1,MCAR,NeuMiss_d5,2,0.15285360867113273,0.10023310023310024,success
WineQuality,0.1,MCAR,NM+C_gelu,2,-0.05835643719377792,0.10023310023310024,success
WineQuality,0.1,MCAR,PretrainEnc,2,0.19463964532200495,0.10023310023310024,success
WineQuality,0.1,MCAR,ImputeMLP,2,0.23730288329164828,0.10023310023310024,success
WineQuality,0.1,MCAR,IterImp+Ridge,2,0.25315927517120906,0.10023310023310024,success
WineQuality,0.1,MCAR,IterImp+RF,2,0.3729750993434048,0.10023310023310024,success
WineQuality,0.1,MCAR,NeuMiss_d3,3,0.22041396984024675,0.09670816987890159,success
WineQuality,0.1,MCAR,NeuMiss_d5,3,0.022996068940563608,0.09670816987890159,success
WineQuality,0.1,MCAR,NM+C_gelu,3,0.0469848263173821,0.09670816987890159,success
WineQuality,0.1,MCAR,PretrainEnc,3,0.29480051333323287,0.09670816987890159,success
WineQuality,0.1,MCAR,ImputeMLP,3,0.3248886531884976,0.09670816987890159,success
WineQuality,0.1,MCAR,IterImp+Ridge,3,0.32759685694090535,0.09670816987890159,success
WineQuality,0.1,MCAR,IterImp+RF,3,0.4196669505849365,0.09670816987890159,success
WineQuality,0.1,MCAR,NeuMiss_d3,4,0.16717812673413857,0.09522997327875377,success
WineQuality,0.1,MCAR,NeuMiss_d5,4,0.16231423773456277,0.09522997327875377,success
WineQuality,0.1,MCAR,NM+C_gelu,4,0.016904445858849204,0.09522997327875377,success
WineQuality,0.1,MCAR,PretrainEnc,4,0.3599311742077669,0.09522997327875377,success
WineQuality,0.1,MCAR,ImputeMLP,4,0.4150405475579432,0.09522997327875377,success
WineQuality,0.1,MCAR,IterImp+Ridge,4,0.3939716835777667,0.09522997327875377,success
WineQuality,0.1,MCAR,IterImp+RF,4,0.4496421847710754,0.09522997327875377,success
WineQuality,0.1,MAR,NeuMiss_d3,0,0.21847522442459444,0.1864801864801865,success
WineQuality,0.1,MAR,NeuMiss_d5,0,0.011045365156292286,0.1864801864801865,success
WineQuality,0.1,MAR,NM+C_gelu,0,-0.8128510990373858,0.1864801864801865,success
WineQuality,0.1,MAR,PretrainEnc,0,0.39111951165691516,0.1864801864801865,success
WineQuality,0.1,MAR,ImputeMLP,0,0.3881060149438318,0.1864801864801865,success
WineQuality,0.1,MAR,IterImp+Ridge,0,0.35072951844294076,0.1864801864801865,success
WineQuality,0.1,MAR,IterImp+RF,0,0.42200870215926634,0.1864801864801865,success
WineQuality,0.1,MAR,NeuMiss_d3,1,0.0995163336236784,0.1800557166410825,success
WineQuality,0.1,MAR,NeuMiss_d5,1,-0.03388201557093251,0.1800557166410825,success
WineQuality,0.1,MAR,NM+C_gelu,1,-0.21727860013102362,0.1800557166410825,success
WineQuality,0.1,MAR,PretrainEnc,1,0.22079055417617244,0.1800557166410825,success
WineQuality,0.1,MAR,ImputeMLP,1,0.20630533862484812,0.1800557166410825,success
WineQuality,0.1,MAR,IterImp+Ridge,1,0.2030871419842476,0.1800557166410825,success
WineQuality,0.1,MAR,IterImp+RF,1,0.2954405212717255,0.1800557166410825,success
WineQuality,0.1,MAR,NeuMiss_d3,2,0.17761143025109694,0.18312581727215874,success
WineQuality,0.1,MAR,NeuMiss_d5,2,0.10216755088897378,0.18312581727215874,success
WineQuality,0.1,MAR,NM+C_gelu,2,0.03831160237520226,0.18312581727215874,success
WineQuality,0.1,MAR,PretrainEnc,2,0.28022117696432924,0.18312581727215874,success
WineQuality,0.1,MAR,ImputeMLP,2,0.29326929869349916,0.18312581727215874,success
WineQuality,0.1,MAR,IterImp+Ridge,2,0.217097744805829,0.18312581727215874,success
WineQuality,0.1,MAR,IterImp+RF,2,0.3189777044036043,0.18312581727215874,success
WineQuality,0.1,MAR,NeuMiss_d3,3,0.053923494560421226,0.1807379612257661,success
WineQuality,0.1,MAR,NeuMiss_d5,3,0.0377375528074988,0.1807379612257661,success
WineQuality,0.1,MAR,NM+C_gelu,3,0.1757431914496409,0.1807379612257661,success
WineQuality,0.1,MAR,PretrainEnc,3,0.25428245970383667,0.1807379612257661,success
WineQuality,0.1,MAR,ImputeMLP,3,0.28738497011748465,0.1807379612257661,success
WineQuality,0.1,MAR,IterImp+Ridge,3,0.2885682846205324,0.1807379612257661,success
WineQuality,0.1,MAR,IterImp+RF,3,0.3388815731968178,0.1807379612257661,success
WineQuality,0.1,MAR,NeuMiss_d3,4,0.014460599675917174,0.1799420092103019,success
WineQuality,0.1,MAR,NeuMiss_d5,4,-0.2156925842721522,0.1799420092103019,success
WineQuality,0.1,MAR,NM+C_gelu,4,-0.13285169517428153,0.1799420092103019,success
WineQuality,0.1,MAR,PretrainEnc,4,0.32611602873679524,0.1799420092103019,success
WineQuality,0.1,MAR,ImputeMLP,4,0.4064668022851884,0.1799420092103019,success
WineQuality,0.1,MAR,IterImp+Ridge,4,0.38401008491830846,0.1799420092103019,success
WineQuality,0.1,MAR,IterImp+RF,4,0.42200887877016957,0.1799420092103019,success
WineQuality,0.3,MCAR,NeuMiss_d3,0,0.006916651900544024,0.30217749729944854,success
WineQuality,0.3,MCAR,NeuMiss_d5,0,-0.1724554869837589,0.30217749729944854,success
WineQuality,0.3,MCAR,NM+C_gelu,0,-0.9734391291270443,0.30217749729944854,success
WineQuality,0.3,MCAR,PretrainEnc,0,0.2801597644183562,0.30217749729944854,success
WineQuality,0.3,MCAR,ImputeMLP,0,0.30085721559719236,0.30217749729944854,success
WineQuality,0.3,MCAR,IterImp+Ridge,0,0.3103890496956586,0.30217749729944854,success
WineQuality,0.3,MCAR,IterImp+RF,0,0.33579647384079914,0.30217749729944854,success
WineQuality,0.3,MCAR,NeuMiss_d3,1,-0.041684376526226696,0.29774290749900506,success
WineQuality,0.3,MCAR,NeuMiss_d5,1,-0.13596807910471043,0.29774290749900506,success
WineQuality,0.3,MCAR,NM+C_gelu,1,-1.5198535442444365,0.29774290749900506,success
WineQuality,0.3,MCAR,PretrainEnc,1,0.22332300711142705,0.29774290749900506,success
WineQuality,0.3,MCAR,ImputeMLP,1,0.23433641571105024,0.29774290749900506,success
WineQuality,0.3,MCAR,IterImp+Ridge,1,0.25779918854420314,0.29774290749900506,success
WineQuality,0.3,MCAR,IterImp+RF,1,0.2957115187617493,0.29774290749900506,success
WineQuality,0.3,MCAR,NeuMiss_d3,2,-0.10722380686458122,0.2972880777758827,success
WineQuality,0.3,MCAR,NeuMiss_d5,2,-0.03734734307241361,0.2972880777758827,success
WineQuality,0.3,MCAR,NM+C_gelu,2,-0.26923872879458055,0.2972880777758827,success
WineQuality,0.3,MCAR,PretrainEnc,2,0.17238064418437637,0.2972880777758827,success
WineQuality,0.3,MCAR,ImputeMLP,2,0.20184591011053155,0.2972880777758827,success
WineQuality,0.3,MCAR,IterImp+Ridge,2,0.19370572062167268,0.2972880777758827,success
WineQuality,0.3,MCAR,IterImp+RF,2,0.21455031510353573,0.2972880777758827,success
WineQuality,0.3,MCAR,NeuMiss_d3,3,0.03825947811067543,0.2958098811757348,success
WineQuality,0.3,MCAR,NeuMiss_d5,3,0.01727098759038337,0.2958098811757348,success
WineQuality,0.3,MCAR,NM+C_gelu,3,-0.04638604336043417,0.2958098811757348,success
WineQuality,0.3,MCAR,PretrainEnc,3,0.1676270673028336,0.2958098811757348,success
WineQuality,0.3,MCAR,ImputeMLP,3,0.21126080394147728,0.2958098811757348,success
WineQuality,0.3,MCAR,IterImp+Ridge,3,0.26122146188604844,0.2958098811757348,success
WineQuality,0.3,MCAR,IterImp+RF,3,0.2653520575433699,0.2958098811757348,success
WineQuality,0.3,MCAR,NeuMiss_d3,4,0.07725112232818576,0.2950707828756609,success
WineQuality,0.3,MCAR,NeuMiss_d5,4,-0.02877551828626146,0.2950707828756609,success
WineQuality,0.3,MCAR,NM+C_gelu,4,-0.550268182078085,0.2950707828756609,success
WineQuality,0.3,MCAR,PretrainEnc,4,0.26602224813629927,0.2950707828756609,success
WineQuality,0.3,MCAR,ImputeMLP,4,0.32880205752352243,0.2950707828756609,success
WineQuality,0.3,MCAR,IterImp+Ridge,4,0.3596255565505918,0.2950707828756609,success
WineQuality,0.3,MCAR,IterImp+RF,4,0.3484283646702937,0.2950707828756609,success
WineQuality,0.3,MAR,NeuMiss_d3,0,0.11587229280160927,0.3389049974415828,success
WineQuality,0.3,MAR,NeuMiss_d5,0,-0.1278306319145055,0.3389049974415828,success
WineQuality,0.3,MAR,NM+C_gelu,0,-0.19141103747601518,0.3389049974415828,success
WineQuality,0.3,MAR,PretrainEnc,0,0.2841603968845259,0.3389049974415828,success
WineQuality,0.3,MAR,ImputeMLP,0,0.28936140151252265,0.3389049974415828,success
WineQuality,0.3,MAR,IterImp+Ridge,0,0.21313643665633164,0.3389049974415828,success
WineQuality,0.3,MAR,IterImp+RF,0,0.2683025299552817,0.3389049974415828,success
WineQuality,0.3,MAR,NeuMiss_d3,1,0.06173489842281776,0.3383933140030701,success
WineQuality,0.3,MAR,NeuMiss_d5,1,-0.08171019269977187,0.3383933140030701,success
WineQuality,0.3,MAR,NM+C_gelu,1,-0.32579693029760204,0.3383933140030701,success
WineQuality,0.3,MAR,PretrainEnc,1,0.23494836101244276,0.3383933140030701,success
WineQuality,0.3,MAR,ImputeMLP,1,0.24005021998916254,0.3383933140030701,success
WineQuality,0.3,MAR,IterImp+Ridge,1,0.17114752422943336,0.3383933140030701,success
WineQuality,0.3,MAR,IterImp+RF,1,0.23639885549285045,0.3383933140030701,success
WineQuality,0.3,MAR,NeuMiss_d3,2,0.01633253298005566,0.3387912900108022,success
WineQuality,0.3,MAR,NeuMiss_d5,2,0.03296691042471722,0.3387912900108022,success
WineQuality,0.3,MAR,NM+C_gelu,2,0.024228586383563733,0.3387912900108022,success
WineQuality,0.3,MAR,PretrainEnc,2,0.2525171808989728,0.3387912900108022,success
WineQuality,0.3,MAR,ImputeMLP,2,0.24524077230346042,0.3387912900108022,success
WineQuality,0.3,MAR,IterImp+Ridge,2,0.15966838652778303,0.3387912900108022,success
WineQuality,0.3,MAR,IterImp+RF,2,0.23412835061344717,0.3387912900108022,success
WineQuality,0.3,MAR,NeuMiss_d3,3,0.0461445264225806,0.3374836545568253,success
WineQuality,0.3,MAR,NeuMiss_d5,3,0.05085295584341498,0.3374836545568253,success
WineQuality,0.3,MAR,NM+C_gelu,3,0.18485201531397766,0.3374836545568253,success
WineQuality,0.3,MAR,PretrainEnc,3,0.2733509740459582,0.3374836545568253,success
WineQuality,0.3,MAR,ImputeMLP,3,0.2921676669380183,0.3374836545568253,success
WineQuality,0.3,MAR,IterImp+Ridge,3,0.23804358493636846,0.3374836545568253,success
WineQuality,0.3,MAR,IterImp+RF,3,0.27622535763728884,0.3374836545568253,success
WineQuality,0.3,MAR,NeuMiss_d3,4,0.004900410529379506,0.33520950594121324,success
WineQuality,0.3,MAR,NeuMiss_d5,4,0.07957358080907673,0.33520950594121324,success
WineQuality,0.3,MAR,NM+C_gelu,4,-0.07682641771671683,0.33520950594121324,success
WineQuality,0.3,MAR,PretrainEnc,4,0.3550820055894861,0.33520950594121324,success
WineQuality,0.3,MAR,ImputeMLP,4,0.3918863351331079,0.33520950594121324,success
WineQuality,0.3,MAR,IterImp+Ridge,4,0.3168496757190047,0.33520950594121324,success
WineQuality,0.3,MAR,IterImp+RF,4,0.3705606862201126,0.33520950594121324,success
WineQuality,0.5,MCAR,NeuMiss_d3,0,-0.08101880494626745,0.49815225424981524,success
WineQuality,0.5,MCAR,NeuMiss_d5,0,-0.32954958720049676,0.49815225424981524,success
WineQuality,0.5,MCAR,NM+C_gelu,0,-0.5621791909238674,0.49815225424981524,success
WineQuality,0.5,MCAR,PretrainEnc,0,0.20871472226572718,0.49815225424981524,success
WineQuality,0.5,MCAR,ImputeMLP,0,0.24607943616255268,0.49815225424981524,success
WineQuality,0.5,MCAR,IterImp+Ridge,0,0.24088110851174216,0.49815225424981524,success
WineQuality,0.5,MCAR,IterImp+RF,0,0.19792857730486524,0.49815225424981524,success
WineQuality,0.5,MCAR,NeuMiss_d3,1,-0.07870618097789106,0.5036102109272841,success
WineQuality,0.5,MCAR,NeuMiss_d5,1,-0.6403278108782411,0.5036102109272841,success
WineQuality,0.5,MCAR,NM+C_gelu,1,-0.6023270337140989,0.5036102109272841,success
WineQuality,0.5,MCAR,PretrainEnc,1,0.20347112854729166,0.5036102109272841,success
WineQuality,0.5,MCAR,ImputeMLP,1,0.17521972252254758,0.5036102109272841,success
WineQuality,0.5,MCAR,IterImp+Ridge,1,0.18969240729811043,0.5036102109272841,success
WineQuality,0.5,MCAR,IterImp+RF,1,0.18879192697303604,0.5036102109272841,success
WineQuality,0.5,MCAR,NeuMiss_d3,2,-0.3004808252203164,0.4953664221956905,success
WineQuality,0.5,MCAR,NeuMiss_d5,2,-0.14114003078443838,0.4953664221956905,success
WineQuality,0.5,MCAR,NM+C_gelu,2,-0.11410610957600298,0.4953664221956905,success
WineQuality,0.5,MCAR,PretrainEnc,2,0.054618874378175364,0.4953664221956905,success
WineQuality,0.5,MCAR,ImputeMLP,2,0.14575884871227818,0.4953664221956905,success
WineQuality,0.5,MCAR,IterImp+Ridge,2,0.13091689911371762,0.4953664221956905,success
WineQuality,0.5,MCAR,IterImp+RF,2,0.10517128519192176,0.4953664221956905,success
WineQuality,0.5,MCAR,NeuMiss_d3,3,-0.128197094698149,0.49121610097219853,success
WineQuality,0.5,MCAR,NeuMiss_d5,3,-0.17092847273105294,0.49121610097219853,success
WineQuality,0.5,MCAR,NM+C_gelu,3,0.015316593767284892,0.49121610097219853,success
WineQuality,0.5,MCAR,PretrainEnc,3,0.12873693230906735,0.49121610097219853,success
WineQuality,0.5,MCAR,ImputeMLP,3,0.10122362486173098,0.49121610097219853,success
WineQuality,0.5,MCAR,IterImp+Ridge,3,0.16717753955708092,0.49121610097219853,success
WineQuality,0.5,MCAR,IterImp+RF,3,0.21111243334813523,0.49121610097219853,success
WineQuality,0.5,MCAR,NeuMiss_d3,4,0.04487953093205188,0.49923247484223093,success
WineQuality,0.5,MCAR,NeuMiss_d5,4,-0.21525985755644483,0.49923247484223093,success
WineQuality,0.5,MCAR,NM+C_gelu,4,-0.2762148743752919,0.49923247484223093,success
WineQuality,0.5,MCAR,PretrainEnc,4,0.14520120088064148,0.49923247484223093,success
WineQuality,0.5,MCAR,ImputeMLP,4,0.1973712703377003,0.49923247484223093,success
WineQuality,0.5,MCAR,IterImp+Ridge,4,0.20852834279441002,0.49923247484223093,success
WineQuality,0.5,MCAR,IterImp+RF,4,0.25872712150738864,0.49923247484223093,success
WineQuality,0.5,MAR,NeuMiss_d3,0,0.05158482288576227,0.4667690033543692,success
WineQuality,0.5,MAR,NeuMiss_d5,0,-0.05743181002598896,0.4667690033543692,success
WineQuality,0.5,MAR,NM+C_gelu,0,-0.21481650344174508,0.4667690033543692,success
WineQuality,0.5,MAR,PretrainEnc,0,0.2521712792035419,0.4667690033543692,success
WineQuality,0.5,MAR,ImputeMLP,0,0.2488311835893966,0.4667690033543692,success
WineQuality,0.5,MAR,IterImp+Ridge,0,0.17191169740169443,0.4667690033543692,success
WineQuality,0.5,MAR,IterImp+RF,0,0.2156218457308421,0.4667690033543692,success
WineQuality,0.5,MAR,NeuMiss_d3,1,-0.018214075299042287,0.46938427426232304,success
WineQuality,0.5,MAR,NeuMiss_d5,1,-0.28955227762604063,0.46938427426232304,success
WineQuality,0.5,MAR,NM+C_gelu,1,-0.4898720426795655,0.46938427426232304,success
WineQuality,0.5,MAR,PretrainEnc,1,0.19842615856385937,0.46938427426232304,success
WineQuality,0.5,MAR,ImputeMLP,1,0.19744389786239214,0.46938427426232304,success
WineQuality,0.5,MAR,IterImp+Ridge,1,0.12872117314414866,0.46938427426232304,success
WineQuality,0.5,MAR,IterImp+RF,1,0.18352465034471566,0.46938427426232304,success
WineQuality,0.5,MAR,NeuMiss_d3,2,-0.06553156443959574,0.4650065381772699,success
WineQuality,0.5,MAR,NeuMiss_d5,2,-0.05185737549841796,0.4650065381772699,success
WineQuality,0.5,MAR,NM+C_gelu,2,0.009974970754463519,0.4650065381772699,success
WineQuality,0.5,MAR,PretrainEnc,2,0.17996117388413269,0.4650065381772699,success
WineQuality,0.5,MAR,ImputeMLP,2,0.18227984532970487,0.4650065381772699,success
WineQuality,0.5,MAR,IterImp+Ridge,2,0.11849039180004028,0.4650065381772699,success
WineQuality,0.5,MAR,IterImp+RF,2,0.1773502469368975,0.4650065381772699,success
WineQuality,0.5,MAR,NeuMiss_d3,3,-0.0698224477874334,0.4648928307464893,success
WineQuality,0.5,MAR,NeuMiss_d5,3,-0.20544181115009708,0.4648928307464893,success
WineQuality,0.5,MAR,NM+C_gelu,3,0.1528146982318045,0.4648928307464893,success
WineQuality,0.5,MAR,PretrainEnc,3,0.24580431908568245,0.4648928307464893,success
WineQuality,0.5,MAR,ImputeMLP,3,0.2503650047055914,0.4648928307464893,success
WineQuality,0.5,MAR,IterImp+Ridge,3,0.20117060509416884,0.4648928307464893,success
WineQuality,0.5,MAR,IterImp+RF,3,0.2329242314631842,0.4648928307464893,success
WineQuality,0.5,MAR,NeuMiss_d3,4,0.013049442535737477,0.467110125646711,success
WineQuality,0.5,MAR,NeuMiss_d5,4,0.016274509951405336,0.467110125646711,success
WineQuality,0.5,MAR,NM+C_gelu,4,0.07915577064080515,0.467110125646711,success
WineQuality,0.5,MAR,PretrainEnc,4,0.3382119889872247,0.467110125646711,success
WineQuality,0.5,MAR,ImputeMLP,4,0.3611949822793088,0.467110125646711,success
WineQuality,0.5,MAR,IterImp+Ridge,4,0.25224564567667007,0.467110125646711,success
WineQuality,0.5,MAR,IterImp+RF,4,0.2898566399462108,0.467110125646711,success
