scenario,distribution,response,missing_mechanism,method,variant,random_state,mse_test,mse_train,r2_test,r2_train,fit_time,n_epochs_actual,status
gaussian_quadratic_MCAR,gaussian,quadratic,MCAR,NeuMiss_d5,original,0,6634.5713,6469.5903,0.022061825,0.14678347,27.8092839717865,88,success
gaussian_quadratic_MCAR,gaussian,quadratic,MCAR,NeuMiss_d5,original,1,6893.829,6768.2847,0.42108136,0.48528975,29.78262495994568,100,success
gaussian_quadratic_MCAR,gaussian,quadratic,MCAR,NM+C_gelu_d2_ef2,C,0,2419.7913,2034.578,0.6433219,0.73167765,24.71454906463623,100,success
gaussian_quadratic_MCAR,gaussian,quadratic,MCAR,NM+C_gelu_d2_ef2,C,1,4311.4336,3824.7346,0.63794154,0.709139,24.43173098564148,100,success
gaussian_quadratic_MCAR,gaussian,quadratic,MCAR,NM+C_relu_d2_ef2,C,0,2397.63,2072.8132,0.6465885,0.72663516,21.270689010620117,99,success
gaussian_quadratic_MCAR,gaussian,quadratic,MCAR,NM+C_relu_d2_ef2,C,1,4424.471,3771.7234,0.6284491,0.71317035,15.651678085327148,100,success
gaussian_quadratic_MCAR,gaussian,quadratic,MCAR,NM+C_gelu_d3_ef2,C,0,2284.8516,1910.84,0.66321206,0.74799633,25.10324215888977,99,success
gaussian_quadratic_MCAR,gaussian,quadratic,MCAR,NM+C_gelu_d3_ef2,C,1,4459.93,3559.1692,0.62547135,0.72933453,16.610107898712158,100,success
gaussian_quadratic_MCAR,gaussian,quadratic,MCAR,NM+C_relu_d3_ef2,C,0,2432.462,2011.066,0.6414542,0.7347784,25.947870016098022,78,success
gaussian_quadratic_MCAR,gaussian,quadratic,MCAR,NM+C_relu_d3_ef2,C,1,4390.764,3488.585,0.63127965,0.7347023,21.660550832748413,100,success
gaussian_quadratic_MCAR,gaussian,quadratic,MCAR,NM+C_gelu_d5_ef2,C,0,2562.39,1841.3423,0.62230283,0.7571618,32.85214805603027,82,success
gaussian_quadratic_MCAR,gaussian,quadratic,MCAR,NM+C_gelu_d5_ef2,C,1,4577.738,3364.488,0.6155783,0.74413955,25.987523794174194,87,success
gaussian_quadratic_MCAR,gaussian,quadratic,MCAR,NM+C_relu_d5_ef2,C,0,2665.6204,1694.433,0.6070866,0.77653635,30.876312255859375,99,success
gaussian_quadratic_MCAR,gaussian,quadratic,MCAR,NM+C_relu_d5_ef2,C,1,4488.953,3506.6414,0.6230341,0.7333292,30.323452949523926,70,success
gaussian_quadratic_MCAR,gaussian,quadratic,MCAR,NM+C_gelu_d7_ef2,C,0,2664.1064,1901.03,0.60730976,0.7492901,46.01690864562988,71,success
gaussian_quadratic_MCAR,gaussian,quadratic,MCAR,NM+C_gelu_d7_ef2,C,1,4998.9663,3267.177,0.5802051,0.75153977,28.67607307434082,77,success
gaussian_quadratic_MCAR,gaussian,quadratic,MCAR,NM+C_relu_d7_ef2,C,0,2806.984,1544.4282,0.5862496,0.7963191,39.346166133880615,100,success
gaussian_quadratic_MCAR,gaussian,quadratic,MCAR,NM+C_relu_d7_ef2,C,1,4628.2275,3998.0645,0.6113384,0.69595766,19.22949719429016,47,success
gaussian_quadratic_MCAR,gaussian,quadratic,MCAR,NM+C_gelu_d2_ef3,C,0,2307.9934,1954.1658,0.65980095,0.7422825,19.687560081481934,100,success
gaussian_quadratic_MCAR,gaussian,quadratic,MCAR,NM+C_gelu_d2_ef3,C,1,4284.5513,3641.0542,0.640199,0.7231074,18.406979084014893,95,success
gaussian_quadratic_MCAR,gaussian,quadratic,MCAR,NM+C_relu_d2_ef3,C,0,2374.676,1851.9108,0.6499719,0.755768,18.527984142303467,100,success
gaussian_quadratic_MCAR,gaussian,quadratic,MCAR,NM+C_relu_d2_ef3,C,1,4221.084,3520.372,0.6455288,0.73228496,18.24713397026062,100,success
gaussian_quadratic_MCAR,gaussian,quadratic,MCAR,NM+C_gelu_d3_ef3,C,0,2517.3853,1834.5718,0.6289365,0.7580547,22.403855800628662,84,success
gaussian_quadratic_MCAR,gaussian,quadratic,MCAR,NM+C_gelu_d3_ef3,C,1,4248.0537,3496.8728,0.64326394,0.73407197,32.14880394935608,77,success
gaussian_quadratic_MCAR,gaussian,quadratic,MCAR,NM+C_relu_d3_ef3,C,0,2380.5454,1753.4722,0.64910674,0.7687502,33.42868113517761,100,success
gaussian_quadratic_MCAR,gaussian,quadratic,MCAR,NM+C_relu_d3_ef3,C,1,4240.3125,3479.495,0.643914,0.7353935,7.298853158950806,73,success
gaussian_quadratic_MCAR,gaussian,quadratic,MCAR,NM+C_gelu_d5_ef3,C,0,2563.7676,1704.7562,0.62209976,0.7751749,10.518310070037842,78,success
gaussian_quadratic_MCAR,gaussian,quadratic,MCAR,NM+C_gelu_d5_ef3,C,1,4526.847,3304.674,0.6198519,0.7486882,9.23626184463501,66,success
gaussian_quadratic_MCAR,gaussian,quadratic,MCAR,NM+C_relu_d5_ef3,C,0,2602.2393,1850.2471,0.616429,0.7559874,9.897105932235718,71,success
gaussian_quadratic_MCAR,gaussian,quadratic,MCAR,NM+C_relu_d5_ef3,C,1,4374.1143,3311.3958,0.63267785,0.74817705,10.044029235839844,71,success
gaussian_quadratic_MCAR,gaussian,quadratic,MCAR,NM+C_gelu_d7_ef3,C,0,2703.721,1695.7366,0.6014706,0.77636445,12.122943878173828,64,success
gaussian_quadratic_MCAR,gaussian,quadratic,MCAR,NM+C_gelu_d7_ef3,C,1,4583.688,3537.728,0.61507857,0.7309651,9.918807029724121,54,success
gaussian_quadratic_MCAR,gaussian,quadratic,MCAR,NM+C_relu_d7_ef3,C,0,2717.3328,1607.2542,0.5994642,0.7880336,20.220228910446167,71,success
gaussian_quadratic_MCAR,gaussian,quadratic,MCAR,NM+C_relu_d7_ef3,C,1,4489.391,2995.666,0.6229973,0.7721875,29.053892850875854,72,success
gaussian_quadratic_MCAR,gaussian,quadratic,MCAR,NM+C_gelu_d2_ef4,C,0,2320.153,1721.1453,0.6580086,0.7730135,35.25612020492554,100,success
gaussian_quadratic_MCAR,gaussian,quadratic,MCAR,NM+C_gelu_d2_ef4,C,1,4275.5845,3489.5042,0.640952,0.7346324,25.394596099853516,100,success
gaussian_quadratic_MCAR,gaussian,quadratic,MCAR,NM+C_relu_d2_ef4,C,0,2378.0554,1759.5315,0.6494738,0.7679511,17.715574979782104,100,success
gaussian_quadratic_MCAR,gaussian,quadratic,MCAR,NM+C_relu_d2_ef4,C,1,4266.7466,3421.9668,0.6416942,0.7397684,17.35076403617859,100,success
gaussian_quadratic_MCAR,gaussian,quadratic,MCAR,NM+C_gelu_d3_ef4,C,0,2339.5854,1697.7007,0.6551443,0.7761054,17.824766874313354,86,success
gaussian_quadratic_MCAR,gaussian,quadratic,MCAR,NM+C_gelu_d3_ef4,C,1,4240.376,3425.9648,0.6439087,0.7394644,14.59856390953064,71,success
gaussian_quadratic_MCAR,gaussian,quadratic,MCAR,NM+C_relu_d3_ef4,C,0,2346.09,1707.184,0.6541855,0.7748547,17.678405046463013,89,success
gaussian_quadratic_MCAR,gaussian,quadratic,MCAR,NM+C_relu_d3_ef4,C,1,4247.1543,3206.034,0.6433395,0.7561895,17.967194080352783,91,success
gaussian_quadratic_MCAR,gaussian,quadratic,MCAR,NM+C_gelu_d5_ef4,C,0,2490.454,1809.5767,0.6329062,0.7613511,15.639183044433594,54,success
gaussian_quadratic_MCAR,gaussian,quadratic,MCAR,NM+C_gelu_d5_ef4,C,1,4317.4937,3215.147,0.63743263,0.7554965,17.622193098068237,57,success
gaussian_quadratic_MCAR,gaussian,quadratic,MCAR,NM+C_relu_d5_ef4,C,0,2506.8647,1605.2059,0.6304872,0.78830373,18.432658910751343,68,success
gaussian_quadratic_MCAR,gaussian,quadratic,MCAR,NM+C_relu_d5_ef4,C,1,4341.238,3259.233,0.6354387,0.7521439,16.194233179092407,60,success
gaussian_quadratic_MCAR,gaussian,quadratic,MCAR,NM+C_gelu_d7_ef4,C,0,2670.1086,1570.9203,0.60642505,0.79282534,25.747400283813477,64,success
gaussian_quadratic_MCAR,gaussian,quadratic,MCAR,NM+C_gelu_d7_ef4,C,1,4664.427,3466.216,0.6082984,0.73640335,23.006731033325195,55,success
gaussian_quadratic_MCAR,gaussian,quadratic,MCAR,NM+C_relu_d7_ef4,C,0,2672.1104,1676.7018,0.60613,0.77887475,22.170443058013916,59,success
gaussian_quadratic_MCAR,gaussian,quadratic,MCAR,NM+C_relu_d7_ef4,C,1,4263.1226,3234.3794,0.6419985,0.7540339,14.56909704208374,49,success
gaussian_quadratic_MCAR,gaussian,quadratic,MCAR,NM+C_gelu_d2_ef6,C,0,2298.2498,1849.4177,0.6612372,0.7560968,11.95496129989624,76,success
gaussian_quadratic_MCAR,gaussian,quadratic,MCAR,NM+C_gelu_d2_ef6,C,1,4329.51,3197.161,0.6364236,0.7568643,15.519139766693115,100,success
gaussian_quadratic_MCAR,gaussian,quadratic,MCAR,NM+C_relu_d2_ef6,C,0,2300.6472,1665.148,0.6608838,0.7803985,15.265252113342285,100,success
gaussian_quadratic_MCAR,gaussian,quadratic,MCAR,NM+C_relu_d2_ef6,C,1,4251.9707,3406.5874,0.64293504,0.74093795,14.670539140701294,100,success
gaussian_quadratic_MCAR,gaussian,quadratic,MCAR,NM+C_gelu_d3_ef6,C,0,2314.4963,1674.8467,0.65884244,0.77911943,14.376620054244995,76,success
gaussian_quadratic_MCAR,gaussian,quadratic,MCAR,NM+C_gelu_d3_ef6,C,1,4231.1265,3510.3054,0.64468545,0.73305047,9.949657201766968,55,success
gaussian_quadratic_MCAR,gaussian,quadratic,MCAR,NM+C_relu_d3_ef6,C,0,2344.7336,1619.0209,0.65438545,0.7864818,15.056848049163818,82,success
gaussian_quadratic_MCAR,gaussian,quadratic,MCAR,NM+C_relu_d3_ef6,C,1,4278.562,2845.0076,0.640702,0.7836447,19.03250789642334,100,success
gaussian_quadratic_MCAR,gaussian,quadratic,MCAR,NM+C_gelu_d5_ef6,C,0,2549.8088,1629.2238,0.6241573,0.7851362,16.39167094230652,63,success
gaussian_quadratic_MCAR,gaussian,quadratic,MCAR,NM+C_gelu_d5_ef6,C,1,4312.695,3349.953,0.6378356,0.74524486,14.305537700653076,50,success
gaussian_quadratic_MCAR,gaussian,quadratic,MCAR,NM+C_relu_d5_ef6,C,0,2653.4663,1904.7932,0.60887814,0.74879384,11.483882904052734,44,success
gaussian_quadratic_MCAR,gaussian,quadratic,MCAR,NM+C_relu_d5_ef6,C,1,4284.1694,2905.6816,0.6402311,0.77903056,16.69686508178711,63,success
gaussian_quadratic_MCAR,gaussian,quadratic,MCAR,NM+C_gelu_d7_ef6,C,0,2475.1384,1569.854,0.6351637,0.79296595,21.513606071472168,59,success
gaussian_quadratic_MCAR,gaussian,quadratic,MCAR,NM+C_gelu_d7_ef6,C,1,4346.79,2818.9675,0.63497245,0.7856249,21.20019221305847,62,success
gaussian_quadratic_MCAR,gaussian,quadratic,MCAR,NM+C_relu_d7_ef6,C,0,2640.7244,2006.9985,0.6107563,0.73531485,12.952875137329102,39,success
gaussian_quadratic_MCAR,gaussian,quadratic,MCAR,NM+C_relu_d7_ef6,C,1,4315.1714,3314.9783,0.63762766,0.7479046,14.323961973190308,41,success
gaussian_quadratic_MCAR,gaussian,quadratic,MCAR,NM+C_gelu_d2_ef8,C,0,2275.351,1757.179,0.6646124,0.7682613,12.727617025375366,79,success
gaussian_quadratic_MCAR,gaussian,quadratic,MCAR,NM+C_gelu_d2_ef8,C,1,4312.835,3396.8271,0.6378238,0.74168026,12.158905982971191,79,success
gaussian_quadratic_MCAR,gaussian,quadratic,MCAR,NM+C_relu_d2_ef8,C,0,2381.3687,1880.3673,0.6489854,0.7520151,10.530749320983887,73,success
gaussian_quadratic_MCAR,gaussian,quadratic,MCAR,NM+C_relu_d2_ef8,C,1,4305.2866,3605.7705,0.6384578,0.7257906,8.974733114242554,61,success
gaussian_quadratic_MCAR,gaussian,quadratic,MCAR,NM+C_gelu_d3_ef8,C,0,2384.392,1801.1589,0.6485398,0.7624612,10.965460062026978,55,success
gaussian_quadratic_MCAR,gaussian,quadratic,MCAR,NM+C_gelu_d3_ef8,C,1,4221.555,3066.937,0.6454892,0.7667675,13.128079175949097,68,success
gaussian_quadratic_MCAR,gaussian,quadratic,MCAR,NM+C_relu_d3_ef8,C,0,2351.0774,1597.3154,0.65345037,0.7893443,12.722442865371704,70,success
gaussian_quadratic_MCAR,gaussian,quadratic,MCAR,NM+C_relu_d3_ef8,C,1,4143.1387,3194.586,0.65207434,0.75706017,11.396098136901855,66,success
gaussian_quadratic_MCAR,gaussian,quadratic,MCAR,NM+C_gelu_d5_ef8,C,0,2495.3,1696.5863,0.6321919,0.7762524,15.305521011352539,49,success
gaussian_quadratic_MCAR,gaussian,quadratic,MCAR,NM+C_gelu_d5_ef8,C,1,4121.807,3306.5535,0.6538657,0.7485453,14.257181167602539,46,success
gaussian_quadratic_MCAR,gaussian,quadratic,MCAR,NM+C_relu_d5_ef8,C,0,2569.1516,1433.3762,0.6213062,0.8109648,26.63484287261963,70,success
gaussian_quadratic_MCAR,gaussian,quadratic,MCAR,NM+C_relu_d5_ef8,C,1,4216.67,3167.4424,0.6458994,0.75912434,11.022992134094238,51,success
gaussian_quadratic_MCAR,gaussian,quadratic,MCAR,NM+C_gelu_d7_ef8,C,0,2484.1052,1639.3029,0.633842,0.783807,9.562922954559326,48,success
gaussian_quadratic_MCAR,gaussian,quadratic,MCAR,NM+C_gelu_d7_ef8,C,1,4282.4155,2956.2866,0.64037836,0.7751822,19.558644771575928,50,success
gaussian_quadratic_MCAR,gaussian,quadratic,MCAR,NM+C_relu_d7_ef8,C,0,2508.6157,1587.7399,0.6302291,0.79060715,16.2046639919281,51,success
gaussian_quadratic_MCAR,gaussian,quadratic,MCAR,NM+C_relu_d7_ef8,C,1,4286.8467,2942.5955,0.64000624,0.77622336,14.82331371307373,46,success
gaussian_cubic_MCAR,gaussian,cubic,MCAR,NeuMiss_d5,original,0,13.602917,14.131563,0.5159328,0.569024,12.729012966156006,100,success
gaussian_cubic_MCAR,gaussian,cubic,MCAR,NeuMiss_d5,original,1,33.596973,31.305586,0.43368548,0.5393924,12.306838035583496,100,success
gaussian_cubic_MCAR,gaussian,cubic,MCAR,NM+C_gelu_d2_ef2,C,0,9.647685,8.024318,0.6566819,0.7552791,14.753420114517212,100,success
gaussian_cubic_MCAR,gaussian,cubic,MCAR,NM+C_gelu_d2_ef2,C,1,23.538286,17.808859,0.6032359,0.73797345,15.085142850875854,100,success
gaussian_cubic_MCAR,gaussian,cubic,MCAR,NM+C_relu_d2_ef2,C,0,9.7859,8.235558,0.65176344,0.7488369,16.34321904182434,100,success
gaussian_cubic_MCAR,gaussian,cubic,MCAR,NM+C_relu_d2_ef2,C,1,24.423515,19.878235,0.5883144,0.70752615,16.083763360977173,100,success
gaussian_cubic_MCAR,gaussian,cubic,MCAR,NM+C_gelu_d3_ef2,C,0,10.165539,7.8022666,0.63825375,0.7620511,20.961413145065308,100,success
gaussian_cubic_MCAR,gaussian,cubic,MCAR,NM+C_gelu_d3_ef2,C,1,23.891771,16.741528,0.5972775,0.75367737,18.14650011062622,100,success
gaussian_cubic_MCAR,gaussian,cubic,MCAR,NM+C_relu_d3_ef2,C,0,10.216589,8.427574,0.6364371,0.74298084,14.158064126968384,80,success
gaussian_cubic_MCAR,gaussian,cubic,MCAR,NM+C_relu_d3_ef2,C,1,23.491163,16.608133,0.60403025,0.75564003,17.53815984725952,100,success
gaussian_cubic_MCAR,gaussian,cubic,MCAR,NM+C_gelu_d5_ef2,C,0,11.64944,7.965422,0.5854483,0.7570753,25.541706085205078,100,success
gaussian_cubic_MCAR,gaussian,cubic,MCAR,NM+C_gelu_d5_ef2,C,1,23.805727,17.458761,0.5987279,0.7431245,20.087568998336792,72,success
gaussian_cubic_MCAR,gaussian,cubic,MCAR,NM+C_relu_d5_ef2,C,0,11.146353,8.823535,0.603351,0.73090506,17.813504219055176,68,success
gaussian_cubic_MCAR,gaussian,cubic,MCAR,NM+C_relu_d5_ef2,C,1,24.909765,17.429193,0.58011806,0.74355954,20.91368007659912,81,success
gaussian_cubic_MCAR,gaussian,cubic,MCAR,NM+C_gelu_d7_ef2,C,0,11.195878,7.6457586,0.6015886,0.76682425,25.176875114440918,75,success
gaussian_cubic_MCAR,gaussian,cubic,MCAR,NM+C_gelu_d7_ef2,C,1,24.369053,16.941298,0.58923244,0.7507381,23.88240122795105,70,success
gaussian_cubic_MCAR,gaussian,cubic,MCAR,NM+C_relu_d7_ef2,C,0,12.312632,9.477699,0.5618483,0.7109548,23.818546772003174,62,success
gaussian_cubic_MCAR,gaussian,cubic,MCAR,NM+C_relu_d7_ef2,C,1,27.240114,17.428267,0.54083747,0.7435732,28.95221495628357,82,success
gaussian_cubic_MCAR,gaussian,cubic,MCAR,NM+C_gelu_d2_ef3,C,0,9.798557,7.2193775,0.651313,0.7798277,16.91501784324646,94,success
gaussian_cubic_MCAR,gaussian,cubic,MCAR,NM+C_gelu_d2_ef3,C,1,22.406792,17.336649,0.6223085,0.7449212,16.362802028656006,86,success
gaussian_cubic_MCAR,gaussian,cubic,MCAR,NM+C_relu_d2_ef3,C,0,10.334609,7.841097,0.6322373,0.7608669,18.47798800468445,100,success
gaussian_cubic_MCAR,gaussian,cubic,MCAR,NM+C_relu_d2_ef3,C,1,22.70801,16.87321,0.61723113,0.75173986,29.252206087112427,100,success
gaussian_cubic_MCAR,gaussian,cubic,MCAR,NM+C_gelu_d3_ef3,C,0,10.323979,6.7383146,0.63261557,0.7944989,22.390076875686646,100,success
gaussian_cubic_MCAR,gaussian,cubic,MCAR,NM+C_gelu_d3_ef3,C,1,23.325186,15.610063,0.606828,0.77032495,22.749794960021973,100,success
gaussian_cubic_MCAR,gaussian,cubic,MCAR,NM+C_relu_d3_ef3,C,0,11.3175,6.540382,0.5972606,0.8005353,23.075913906097412,100,success
gaussian_cubic_MCAR,gaussian,cubic,MCAR,NM+C_relu_d3_ef3,C,1,22.978678,17.16826,0.61266875,0.74739873,18.431671142578125,76,success
gaussian_cubic_MCAR,gaussian,cubic,MCAR,NM+C_gelu_d5_ef3,C,0,10.6689,6.7598295,0.6203414,0.79384273,27.930068969726562,83,success
gaussian_cubic_MCAR,gaussian,cubic,MCAR,NM+C_gelu_d5_ef3,C,1,24.439674,18.33255,0.588042,0.73026824,18.581238746643066,54,success
gaussian_cubic_MCAR,gaussian,cubic,MCAR,NM+C_relu_d5_ef3,C,0,10.534628,7.6107335,0.6251195,0.76789236,21.37836480140686,66,success
gaussian_cubic_MCAR,gaussian,cubic,MCAR,NM+C_relu_d5_ef3,C,1,26.045412,15.975661,0.5609755,0.76494575,26.620563983917236,80,success
gaussian_cubic_MCAR,gaussian,cubic,MCAR,NM+C_gelu_d7_ef3,C,0,10.955225,7.221363,0.61015236,0.77976716,29.90594720840454,72,success
gaussian_cubic_MCAR,gaussian,cubic,MCAR,NM+C_gelu_d7_ef3,C,1,24.498209,18.003862,0.5870553,0.7351043,24.219902992248535,58,success
gaussian_cubic_MCAR,gaussian,cubic,MCAR,NM+C_relu_d7_ef3,C,0,11.860302,8.417545,0.5779447,0.7432867,23.21810793876648,55,success
gaussian_cubic_MCAR,gaussian,cubic,MCAR,NM+C_relu_d7_ef3,C,1,23.838734,17.353436,0.59817153,0.7446742,22.484199047088623,52,success
gaussian_cubic_MCAR,gaussian,cubic,MCAR,NM+C_gelu_d2_ef4,C,0,10.181358,8.278214,0.6376908,0.74753594,15.461518049240112,80,success
gaussian_cubic_MCAR,gaussian,cubic,MCAR,NM+C_gelu_d2_ef4,C,1,23.550964,17.224688,0.6030222,0.7465685,13.897673845291138,84,success
gaussian_cubic_MCAR,gaussian,cubic,MCAR,NM+C_relu_d2_ef4,C,0,10.198324,7.0201836,0.6370871,0.7859026,15.797117233276367,100,success
gaussian_cubic_MCAR,gaussian,cubic,MCAR,NM+C_relu_d2_ef4,C,1,22.557833,17.521126,0.61976254,0.74220693,9.346965074539185,64,success
gaussian_cubic_MCAR,gaussian,cubic,MCAR,NM+C_gelu_d3_ef4,C,0,9.514026,7.667228,0.6614382,0.7661694,11.396273136138916,64,success
gaussian_cubic_MCAR,gaussian,cubic,MCAR,NM+C_gelu_d3_ef4,C,1,23.116638,15.580665,0.6103432,0.77075744,15.086561918258667,83,success
gaussian_cubic_MCAR,gaussian,cubic,MCAR,NM+C_relu_d3_ef4,C,0,9.865167,7.2192173,0.64894265,0.7798326,15.442539930343628,78,success
gaussian_cubic_MCAR,gaussian,cubic,MCAR,NM+C_relu_d3_ef4,C,1,23.590961,16.133997,0.60234797,0.76261616,16.4479079246521,73,success
gaussian_cubic_MCAR,gaussian,cubic,MCAR,NM+C_gelu_d5_ef4,C,0,10.033264,6.4583387,0.6429608,0.8030374,22.879265069961548,76,success
gaussian_cubic_MCAR,gaussian,cubic,MCAR,NM+C_gelu_d5_ef4,C,1,24.691593,13.750572,0.58379567,0.7976841,23.893516063690186,83,success
gaussian_cubic_MCAR,gaussian,cubic,MCAR,NM+C_relu_d5_ef4,C,0,11.074312,8.44185,0.6059146,0.7425455,11.91061806678772,52,success
gaussian_cubic_MCAR,gaussian,cubic,MCAR,NM+C_relu_d5_ef4,C,1,23.3195,16.659824,0.6069238,0.7548795,10.127019882202148,52,success
gaussian_cubic_MCAR,gaussian,cubic,MCAR,NM+C_gelu_d7_ef4,C,0,11.841593,7.1980276,0.5786104,0.78047884,20.21924090385437,59,success
gaussian_cubic_MCAR,gaussian,cubic,MCAR,NM+C_gelu_d7_ef4,C,1,26.53522,16.841505,0.55271924,0.7522064,10.192649126052856,54,success
gaussian_cubic_MCAR,gaussian,cubic,MCAR,NM+C_relu_d7_ef4,C,0,12.3018465,6.0392118,0.5622321,0.81581974,16.015364170074463,85,success
gaussian_cubic_MCAR,gaussian,cubic,MCAR,NM+C_relu_d7_ef4,C,1,24.187536,13.188349,0.5922921,0.80595624,16.00750207901001,71,success
gaussian_cubic_MCAR,gaussian,cubic,MCAR,NM+C_gelu_d2_ef6,C,0,9.734882,6.3228164,0.6535789,0.8071705,9.231582164764404,100,success
gaussian_cubic_MCAR,gaussian,cubic,MCAR,NM+C_gelu_d2_ef6,C,1,22.806643,16.142422,0.6155686,0.7624922,7.088648080825806,81,success
gaussian_cubic_MCAR,gaussian,cubic,MCAR,NM+C_relu_d2_ef6,C,0,9.907583,6.2970314,0.6474333,0.8079569,8.166683912277222,100,success
gaussian_cubic_MCAR,gaussian,cubic,MCAR,NM+C_relu_d2_ef6,C,1,22.571615,16.664291,0.6195302,0.7548138,5.454665184020996,64,success
gaussian_cubic_MCAR,gaussian,cubic,MCAR,NM+C_gelu_d3_ef6,C,0,9.576337,7.92194,0.6592208,0.7584014,5.794808864593506,53,success
gaussian_cubic_MCAR,gaussian,cubic,MCAR,NM+C_gelu_d3_ef6,C,1,23.096624,15.421223,0.6106806,0.77310336,8.333025932312012,75,success
gaussian_cubic_MCAR,gaussian,cubic,MCAR,NM+C_relu_d3_ef6,C,0,10.377016,7.1887794,0.63072824,0.7807609,5.929584741592407,56,success
gaussian_cubic_MCAR,gaussian,cubic,MCAR,NM+C_relu_d3_ef6,C,1,22.525042,15.248279,0.6203153,0.77564794,7.760343074798584,71,success
gaussian_cubic_MCAR,gaussian,cubic,MCAR,NM+C_gelu_d5_ef6,C,0,9.257272,7.222832,0.6705749,0.7797224,8.601171016693115,52,success
gaussian_cubic_MCAR,gaussian,cubic,MCAR,NM+C_gelu_d5_ef6,C,1,22.566748,16.660015,0.6196123,0.7548767,7.360338926315308,44,success
gaussian_cubic_MCAR,gaussian,cubic,MCAR,NM+C_relu_d5_ef6,C,0,10.662057,6.0096984,0.62058485,0.8167198,10.965218782424927,73,success
gaussian_cubic_MCAR,gaussian,cubic,MCAR,NM+C_relu_d5_ef6,C,1,23.674654,14.779641,0.60093725,0.7825431,8.558448791503906,57,success
gaussian_cubic_MCAR,gaussian,cubic,MCAR,NM+C_gelu_d7_ef6,C,0,10.891986,6.323383,0.61240274,0.8071532,12.232375144958496,59,success
gaussian_cubic_MCAR,gaussian,cubic,MCAR,NM+C_gelu_d7_ef6,C,1,23.923687,14.684661,0.59673953,0.7839406,34.25494408607483,73,success
gaussian_cubic_MCAR,gaussian,cubic,MCAR,NM+C_relu_d7_ef6,C,0,10.37532,6.293291,0.63078856,0.80807096,22.259555101394653,51,success
gaussian_cubic_MCAR,gaussian,cubic,MCAR,NM+C_relu_d7_ef6,C,1,25.425823,15.309574,0.57141936,0.77474606,17.120999097824097,49,success
gaussian_cubic_MCAR,gaussian,cubic,MCAR,NM+C_gelu_d2_ef8,C,0,9.404802,7.2022715,0.665325,0.78034943,10.048532009124756,66,success
gaussian_cubic_MCAR,gaussian,cubic,MCAR,NM+C_gelu_d2_ef8,C,1,22.41935,16.08388,0.62209684,0.7633535,11.277985095977783,72,success
gaussian_cubic_MCAR,gaussian,cubic,MCAR,NM+C_relu_d2_ef8,C,0,10.651204,7.8487415,0.6209711,0.76063377,9.597413063049316,66,success
gaussian_cubic_MCAR,gaussian,cubic,MCAR,NM+C_relu_d2_ef8,C,1,24.277046,13.752956,0.59078324,0.797649,15.144192934036255,96,success
gaussian_cubic_MCAR,gaussian,cubic,MCAR,NM+C_gelu_d3_ef8,C,0,9.733042,7.21738,0.65364444,0.77988863,11.980080842971802,57,success
gaussian_cubic_MCAR,gaussian,cubic,MCAR,NM+C_gelu_d3_ef8,C,1,24.832563,14.541875,0.5814194,0.78604144,16.667482137680054,71,success
gaussian_cubic_MCAR,gaussian,cubic,MCAR,NM+C_relu_d3_ef8,C,0,10.518113,6.647581,0.6257072,0.797266,13.54987907409668,66,success
gaussian_cubic_MCAR,gaussian,cubic,MCAR,NM+C_relu_d3_ef8,C,1,23.628523,14.533274,0.60171485,0.786168,10.72384262084961,64,success
gaussian_cubic_MCAR,gaussian,cubic,MCAR,NM+C_gelu_d5_ef8,C,0,10.931063,6.047747,0.61101216,0.8155594,23.18829894065857,76,success
gaussian_cubic_MCAR,gaussian,cubic,MCAR,NM+C_gelu_d5_ef8,C,1,23.692213,14.001979,0.60064125,0.79398507,17.605515003204346,57,success
gaussian_cubic_MCAR,gaussian,cubic,MCAR,NM+C_relu_d5_ef8,C,0,10.906154,6.1715755,0.61189854,0.81178296,13.864543914794922,55,success
gaussian_cubic_MCAR,gaussian,cubic,MCAR,NM+C_relu_d5_ef8,C,1,23.616102,15.483786,0.60192424,0.7721829,10.576195001602173,44,success
gaussian_cubic_MCAR,gaussian,cubic,MCAR,NM+C_gelu_d7_ef8,C,0,10.899324,6.016241,0.6121416,0.8165203,20.55084991455078,57,success
gaussian_cubic_MCAR,gaussian,cubic,MCAR,NM+C_gelu_d7_ef8,C,1,23.641338,16.237299,0.60149884,0.76109624,16.99531316757202,47,success
gaussian_cubic_MCAR,gaussian,cubic,MCAR,NM+C_relu_d7_ef8,C,0,11.621349,6.525638,0.58644795,0.800985,25.518385887145996,58,success
gaussian_cubic_MCAR,gaussian,cubic,MCAR,NM+C_relu_d7_ef8,C,1,24.104048,14.702215,0.59369934,0.78368235,21.13696312904358,54,success
mixture_gaussian_cubic_MCAR,mixture_gaussian,cubic,MCAR,NeuMiss_d5,original,0,22.311773,17.870407,0.31048846,0.42302245,6.190464973449707,59,success
mixture_gaussian_cubic_MCAR,mixture_gaussian,cubic,MCAR,NeuMiss_d5,original,1,25.637177,20.486473,0.39552468,0.49193937,12.075781106948853,100,success
mixture_gaussian_cubic_MCAR,mixture_gaussian,cubic,MCAR,NM+C_gelu_d2_ef2,C,0,19.560629,11.465178,0.3955084,0.62982655,9.503103971481323,100,success
mixture_gaussian_cubic_MCAR,mixture_gaussian,cubic,MCAR,NM+C_gelu_d2_ef2,C,1,15.651832,10.391984,0.6309599,0.7422808,9.26758074760437,100,success
mixture_gaussian_cubic_MCAR,mixture_gaussian,cubic,MCAR,NM+C_relu_d2_ef2,C,0,20.567688,14.350724,0.3643868,0.5366616,6.875089883804321,71,success
mixture_gaussian_cubic_MCAR,mixture_gaussian,cubic,MCAR,NM+C_relu_d2_ef2,C,1,17.102873,11.054296,0.59674716,0.7258556,10.147221088409424,100,success
mixture_gaussian_cubic_MCAR,mixture_gaussian,cubic,MCAR,NM+C_gelu_d3_ef2,C,0,21.791843,14.382709,0.3265561,0.5356289,7.27108907699585,55,success
mixture_gaussian_cubic_MCAR,mixture_gaussian,cubic,MCAR,NM+C_gelu_d3_ef2,C,1,17.484344,11.246149,0.5877528,0.72109765,10.585416078567505,85,success
mixture_gaussian_cubic_MCAR,mixture_gaussian,cubic,MCAR,NM+C_relu_d3_ef2,C,0,21.371565,12.920236,0.33954418,0.5828475,11.08227825164795,93,success
mixture_gaussian_cubic_MCAR,mixture_gaussian,cubic,MCAR,NM+C_relu_d3_ef2,C,1,17.247927,10.0843935,0.59332705,0.7499089,11.977060317993164,100,success
mixture_gaussian_cubic_MCAR,mixture_gaussian,cubic,MCAR,NM+C_gelu_d5_ef2,C,0,22.854094,12.76009,0.2937289,0.58801806,9.288268089294434,58,success
mixture_gaussian_cubic_MCAR,mixture_gaussian,cubic,MCAR,NM+C_gelu_d5_ef2,C,1,18.649826,10.912549,0.560273,0.72937083,18.40715479850769,91,success
mixture_gaussian_cubic_MCAR,mixture_gaussian,cubic,MCAR,NM+C_relu_d5_ef2,C,0,22.250137,14.482207,0.31239325,0.53241646,11.198105812072754,58,success
mixture_gaussian_cubic_MCAR,mixture_gaussian,cubic,MCAR,NM+C_relu_d5_ef2,C,1,19.410238,12.728443,0.5423439,0.684337,16.449270009994507,84,success
mixture_gaussian_cubic_MCAR,mixture_gaussian,cubic,MCAR,NM+C_gelu_d7_ef2,C,0,22.450352,14.877003,0.30620593,0.5196698,11.176812887191772,42,success
mixture_gaussian_cubic_MCAR,mixture_gaussian,cubic,MCAR,NM+C_gelu_d7_ef2,C,1,20.302532,11.231994,0.5213053,0.72144866,26.881538152694702,92,success
mixture_gaussian_cubic_MCAR,mixture_gaussian,cubic,MCAR,NM+C_relu_d7_ef2,C,0,22.056913,12.383201,0.3183645,0.6001866,16.506221055984497,65,success
mixture_gaussian_cubic_MCAR,mixture_gaussian,cubic,MCAR,NM+C_relu_d7_ef2,C,1,19.901373,12.386326,0.5307639,0.6928215,17.75520086288452,69,success
mixture_gaussian_cubic_MCAR,mixture_gaussian,cubic,MCAR,NM+C_gelu_d2_ef3,C,0,20.087288,13.041705,0.37923282,0.5789256,7.165622711181641,62,success
mixture_gaussian_cubic_MCAR,mixture_gaussian,cubic,MCAR,NM+C_gelu_d2_ef3,C,1,14.652935,10.887666,0.654512,0.729988,9.150995969772339,79,success
mixture_gaussian_cubic_MCAR,mixture_gaussian,cubic,MCAR,NM+C_relu_d2_ef3,C,0,20.758787,11.167139,0.35848117,0.63944924,11.01076602935791,96,success
mixture_gaussian_cubic_MCAR,mixture_gaussian,cubic,MCAR,NM+C_relu_d2_ef3,C,1,15.693045,9.410513,0.6299882,0.7666211,11.454462051391602,100,success
mixture_gaussian_cubic_MCAR,mixture_gaussian,cubic,MCAR,NM+C_gelu_d3_ef3,C,0,20.218634,10.719833,0.37517375,0.6538913,12.203392028808594,80,success
mixture_gaussian_cubic_MCAR,mixture_gaussian,cubic,MCAR,NM+C_gelu_d3_ef3,C,1,15.180375,9.106178,0.64207596,0.7741685,16.061419010162354,93,success
mixture_gaussian_cubic_MCAR,mixture_gaussian,cubic,MCAR,NM+C_relu_d3_ef3,C,0,21.288757,13.277055,0.34210324,0.5713269,8.526439905166626,53,success
mixture_gaussian_cubic_MCAR,mixture_gaussian,cubic,MCAR,NM+C_relu_d3_ef3,C,1,16.956903,8.280234,0.60018885,0.79465175,14.075727939605713,100,success
mixture_gaussian_cubic_MCAR,mixture_gaussian,cubic,MCAR,NM+C_gelu_d5_ef3,C,0,21.519262,14.0698805,0.33497983,0.54572916,8.477135181427002,41,success
mixture_gaussian_cubic_MCAR,mixture_gaussian,cubic,MCAR,NM+C_gelu_d5_ef3,C,1,18.769712,11.3595705,0.5574463,0.71828485,12.11498498916626,59,success
mixture_gaussian_cubic_MCAR,mixture_gaussian,cubic,MCAR,NM+C_relu_d5_ef3,C,0,20.97802,11.140291,0.3517061,0.6403161,13.170005083084106,69,success
mixture_gaussian_cubic_MCAR,mixture_gaussian,cubic,MCAR,NM+C_relu_d5_ef3,C,1,16.954649,8.745587,0.600242,0.7831111,17.894434928894043,100,success
mixture_gaussian_cubic_MCAR,mixture_gaussian,cubic,MCAR,NM+C_gelu_d7_ef3,C,0,22.217424,12.010038,0.31340414,0.6122348,12.403568029403687,55,success
mixture_gaussian_cubic_MCAR,mixture_gaussian,cubic,MCAR,NM+C_gelu_d7_ef3,C,1,19.89629,8.333865,0.5308838,0.7933217,21.09458589553833,98,success
mixture_gaussian_cubic_MCAR,mixture_gaussian,cubic,MCAR,NM+C_relu_d7_ef3,C,0,21.927713,11.46007,0.32235724,0.6299915,10.93904995918274,54,success
mixture_gaussian_cubic_MCAR,mixture_gaussian,cubic,MCAR,NM+C_relu_d7_ef3,C,1,18.694073,8.520113,0.55922973,0.78870285,16.952892303466797,85,success
mixture_gaussian_cubic_MCAR,mixture_gaussian,cubic,MCAR,NM+C_gelu_d2_ef4,C,0,20.081247,10.55533,0.3794195,0.6592026,7.821360111236572,87,success
mixture_gaussian_cubic_MCAR,mixture_gaussian,cubic,MCAR,NM+C_gelu_d2_ef4,C,1,14.993197,8.846235,0.64648926,0.7806151,8.784160137176514,100,success
mixture_gaussian_cubic_MCAR,mixture_gaussian,cubic,MCAR,NM+C_relu_d2_ef4,C,0,19.572777,10.753269,0.39513302,0.65281177,7.582314968109131,82,success
mixture_gaussian_cubic_MCAR,mixture_gaussian,cubic,MCAR,NM+C_relu_d2_ef4,C,1,15.917644,9.5395565,0.62469256,0.7634208,9.583269119262695,93,success
mixture_gaussian_cubic_MCAR,mixture_gaussian,cubic,MCAR,NM+C_gelu_d3_ef4,C,0,20.398365,11.018186,0.36961943,0.6442585,7.428135871887207,56,success
mixture_gaussian_cubic_MCAR,mixture_gaussian,cubic,MCAR,NM+C_gelu_d3_ef4,C,1,16.61277,9.134781,0.60830283,0.7734592,13.114572763442993,97,success
mixture_gaussian_cubic_MCAR,mixture_gaussian,cubic,MCAR,NM+C_relu_d3_ef4,C,0,20.137192,11.510862,0.3776906,0.62835157,7.6771159172058105,64,success
mixture_gaussian_cubic_MCAR,mixture_gaussian,cubic,MCAR,NM+C_relu_d3_ef4,C,1,16.898245,8.563529,0.6015719,0.78762615,10.387881994247437,100,success
mixture_gaussian_cubic_MCAR,mixture_gaussian,cubic,MCAR,NM+C_gelu_d5_ef4,C,0,21.838614,10.083446,0.32511073,0.67443824,9.184180974960327,56,success
mixture_gaussian_cubic_MCAR,mixture_gaussian,cubic,MCAR,NM+C_gelu_d5_ef4,C,1,17.062412,10.417572,0.59770113,0.7416462,10.775851964950562,63,success
mixture_gaussian_cubic_MCAR,mixture_gaussian,cubic,MCAR,NM+C_relu_d5_ef4,C,0,20.505697,10.886326,0.3663025,0.6485158,8.211345911026001,53,success
mixture_gaussian_cubic_MCAR,mixture_gaussian,cubic,MCAR,NM+C_relu_d5_ef4,C,1,17.215384,9.388365,0.5940944,0.7671703,10.221279859542847,70,success
mixture_gaussian_cubic_MCAR,mixture_gaussian,cubic,MCAR,NM+C_gelu_d7_ef4,C,0,21.789972,9.768094,0.3266139,0.6846199,9.425388097763062,51,success
mixture_gaussian_cubic_MCAR,mixture_gaussian,cubic,MCAR,NM+C_gelu_d7_ef4,C,1,19.7102,9.771042,0.5352714,0.75768006,12.602751970291138,71,success
mixture_gaussian_cubic_MCAR,mixture_gaussian,cubic,MCAR,NM+C_relu_d7_ef4,C,0,25.004524,9.072922,0.22727305,0.70706475,11.011222124099731,68,success
mixture_gaussian_cubic_MCAR,mixture_gaussian,cubic,MCAR,NM+C_relu_d7_ef4,C,1,19.292997,8.111363,0.5451082,0.79883975,16.599445104599,100,success
mixture_gaussian_cubic_MCAR,mixture_gaussian,cubic,MCAR,NM+C_gelu_d2_ef6,C,0,18.84287,9.333246,0.41768962,0.6986597,7.071133852005005,86,success
mixture_gaussian_cubic_MCAR,mixture_gaussian,cubic,MCAR,NM+C_gelu_d2_ef6,C,1,14.182962,8.445846,0.665593,0.7905446,7.330917835235596,92,success
mixture_gaussian_cubic_MCAR,mixture_gaussian,cubic,MCAR,NM+C_relu_d2_ef6,C,0,20.72116,9.597629,0.35964394,0.6901237,6.7058398723602295,74,success
mixture_gaussian_cubic_MCAR,mixture_gaussian,cubic,MCAR,NM+C_relu_d2_ef6,C,1,15.005932,7.970532,0.646189,0.80233234,7.557722091674805,92,success
mixture_gaussian_cubic_MCAR,mixture_gaussian,cubic,MCAR,NM+C_gelu_d3_ef6,C,0,21.383696,13.992098,0.33916926,0.5482405,4.3037779331207275,35,success
mixture_gaussian_cubic_MCAR,mixture_gaussian,cubic,MCAR,NM+C_gelu_d3_ef6,C,1,16.977741,9.141404,0.59969753,0.7732949,8.407840967178345,66,success
mixture_gaussian_cubic_MCAR,mixture_gaussian,cubic,MCAR,NM+C_relu_d3_ef6,C,0,20.68165,11.425445,0.36086494,0.6311094,5.66510272026062,51,success
mixture_gaussian_cubic_MCAR,mixture_gaussian,cubic,MCAR,NM+C_relu_d3_ef6,C,1,15.320994,6.761592,0.63876045,0.8323138,10.958936929702759,100,success
mixture_gaussian_cubic_MCAR,mixture_gaussian,cubic,MCAR,NM+C_gelu_d5_ef6,C,0,20.743505,12.822375,0.35895342,0.58600706,5.834641933441162,37,success
mixture_gaussian_cubic_MCAR,mixture_gaussian,cubic,MCAR,NM+C_gelu_d5_ef6,C,1,17.641773,10.161487,0.5840409,0.74799705,9.205290079116821,57,success
mixture_gaussian_cubic_MCAR,mixture_gaussian,cubic,MCAR,NM+C_relu_d5_ef6,C,0,21.77849,11.317447,0.3269688,0.63459635,7.134581804275513,48,success
mixture_gaussian_cubic_MCAR,mixture_gaussian,cubic,MCAR,NM+C_relu_d5_ef6,C,1,17.209223,7.7294707,0.5942396,0.8083106,10.788458824157715,71,success
mixture_gaussian_cubic_MCAR,mixture_gaussian,cubic,MCAR,NM+C_gelu_d7_ef6,C,0,20.349953,12.285248,0.37111557,0.60334915,7.9339799880981445,38,success
mixture_gaussian_cubic_MCAR,mixture_gaussian,cubic,MCAR,NM+C_gelu_d7_ef6,C,1,17.220486,9.517627,0.5939741,0.76396465,8.772605895996094,46,success
mixture_gaussian_cubic_MCAR,mixture_gaussian,cubic,MCAR,NM+C_relu_d7_ef6,C,0,21.56729,9.217371,0.33349562,0.7024009,9.798827886581421,55,success
mixture_gaussian_cubic_MCAR,mixture_gaussian,cubic,MCAR,NM+C_relu_d7_ef6,C,1,17.828066,7.58878,0.5796485,0.8117997,12.377466201782227,67,success
mixture_gaussian_cubic_MCAR,mixture_gaussian,cubic,MCAR,NM+C_gelu_d2_ef8,C,0,20.250698,12.346494,0.37418288,0.60137177,4.598703145980835,46,success
mixture_gaussian_cubic_MCAR,mixture_gaussian,cubic,MCAR,NM+C_gelu_d2_ef8,C,1,15.083255,9.128021,0.6443659,0.7736268,7.143011093139648,75,success
mixture_gaussian_cubic_MCAR,mixture_gaussian,cubic,MCAR,NM+C_relu_d2_ef8,C,0,19.165678,10.703699,0.40771377,0.65441227,4.692121744155884,57,success
mixture_gaussian_cubic_MCAR,mixture_gaussian,cubic,MCAR,NM+C_relu_d2_ef8,C,1,14.202098,7.4845467,0.6651418,0.8143847,8.223459005355835,93,success
mixture_gaussian_cubic_MCAR,mixture_gaussian,cubic,MCAR,NM+C_gelu_d3_ef8,C,0,19.222992,10.457916,0.40594256,0.6623478,5.8419389724731445,49,success
mixture_gaussian_cubic_MCAR,mixture_gaussian,cubic,MCAR,NM+C_gelu_d3_ef8,C,1,15.713718,7.7168283,0.62950075,0.80862415,7.495874643325806,77,success
mixture_gaussian_cubic_MCAR,mixture_gaussian,cubic,MCAR,NM+C_relu_d3_ef8,C,0,21.095486,14.937237,0.348076,0.517725,2.6896440982818604,30,success
mixture_gaussian_cubic_MCAR,mixture_gaussian,cubic,MCAR,NM+C_relu_d3_ef8,C,1,16.760363,8.7168455,0.6048229,0.7838239,5.8116230964660645,65,success
mixture_gaussian_cubic_MCAR,mixture_gaussian,cubic,MCAR,NM+C_gelu_d5_ef8,C,0,21.031906,8.201805,0.3500408,0.7351903,8.33345079421997,56,success
mixture_gaussian_cubic_MCAR,mixture_gaussian,cubic,MCAR,NM+C_gelu_d5_ef8,C,1,15.685154,8.567029,0.6301743,0.7875393,8.625497102737427,61,success
mixture_gaussian_cubic_MCAR,mixture_gaussian,cubic,MCAR,NM+C_relu_d5_ef8,C,0,21.550571,9.641592,0.33401227,0.68870425,6.468286752700806,51,success
mixture_gaussian_cubic_MCAR,mixture_gaussian,cubic,MCAR,NM+C_relu_d5_ef8,C,1,16.085358,8.806444,0.6207382,0.78160185,8.269820928573608,58,success
mixture_gaussian_cubic_MCAR,mixture_gaussian,cubic,MCAR,NM+C_gelu_d7_ef8,C,0,21.093826,8.3969145,0.34812725,0.72889084,12.28430700302124,61,success
mixture_gaussian_cubic_MCAR,mixture_gaussian,cubic,MCAR,NM+C_gelu_d7_ef8,C,1,16.330725,8.093545,0.6149529,0.7992816,11.633563041687012,56,success
mixture_gaussian_cubic_MCAR,mixture_gaussian,cubic,MCAR,NM+C_relu_d7_ef8,C,0,21.814135,10.110175,0.32586724,0.67357516,8.612791061401367,48,success
mixture_gaussian_cubic_MCAR,mixture_gaussian,cubic,MCAR,NM+C_relu_d7_ef8,C,1,18.990171,8.846,0.5522483,0.78062093,10.008701801300049,53,success
student_t_sinusoidal_MCAR,student_t,sinusoidal,MCAR,NeuMiss_d5,original,0,0.57633656,0.529936,-0.040141463,0.025414169,7.491087913513184,100,success
student_t_sinusoidal_MCAR,student_t,sinusoidal,MCAR,NeuMiss_d5,original,1,0.6009265,0.5375217,-0.060757637,0.018078625,7.376597881317139,94,success
student_t_sinusoidal_MCAR,student_t,sinusoidal,MCAR,NM+C_gelu_d2_ef2,C,0,0.58946526,0.52026564,-0.0638355,0.043198645,7.518931150436401,62,success
student_t_sinusoidal_MCAR,student_t,sinusoidal,MCAR,NM+C_gelu_d2_ef2,C,1,0.6173006,0.5137688,-0.08966124,0.061469436,8.681804180145264,95,success
student_t_sinusoidal_MCAR,student_t,sinusoidal,MCAR,NM+C_relu_d2_ef2,C,0,0.61147285,0.5065725,-0.10355365,0.06838119,7.739522933959961,100,success
student_t_sinusoidal_MCAR,student_t,sinusoidal,MCAR,NM+C_relu_d2_ef2,C,1,0.61283195,0.5261516,-0.08177304,0.038849056,4.550279855728149,60,success
student_t_sinusoidal_MCAR,student_t,sinusoidal,MCAR,NM+C_gelu_d3_ef2,C,0,0.6128087,0.50415844,-0.10596454,0.07282078,7.977745056152344,68,success
student_t_sinusoidal_MCAR,student_t,sinusoidal,MCAR,NM+C_gelu_d3_ef2,C,1,0.6746579,0.5070225,-0.19090843,0.07379329,8.914000034332275,93,success
student_t_sinusoidal_MCAR,student_t,sinusoidal,MCAR,NM+C_relu_d3_ef2,C,0,0.6255028,0.48669794,-0.12887418,0.10493177,9.202480792999268,100,success
student_t_sinusoidal_MCAR,student_t,sinusoidal,MCAR,NM+C_relu_d3_ef2,C,1,0.64412177,0.5063623,-0.13700604,0.07499927,8.336115837097168,89,success
student_t_sinusoidal_MCAR,student_t,sinusoidal,MCAR,NM+C_gelu_d5_ef2,C,0,0.68423665,0.49645495,-0.23487389,0.08698797,14.862716913223267,100,success
student_t_sinusoidal_MCAR,student_t,sinusoidal,MCAR,NM+C_gelu_d5_ef2,C,1,0.71481675,0.5081107,-0.26179707,0.07180542,14.982450723648071,100,success
student_t_sinusoidal_MCAR,student_t,sinusoidal,MCAR,NM+C_relu_d5_ef2,C,0,0.61876106,0.5174594,-0.11670697,0.048359513,10.351551055908203,67,success
student_t_sinusoidal_MCAR,student_t,sinusoidal,MCAR,NM+C_relu_d5_ef2,C,1,0.66254014,0.48848093,-0.16951811,0.10766423,11.072922229766846,79,success
student_t_sinusoidal_MCAR,student_t,sinusoidal,MCAR,NM+C_gelu_d7_ef2,C,0,0.63266253,0.49544472,-0.14179564,0.08884585,12.865340948104858,73,success
student_t_sinusoidal_MCAR,student_t,sinusoidal,MCAR,NM+C_gelu_d7_ef2,C,1,0.6663627,0.50304496,-0.17626572,0.08105928,11.944892883300781,65,success
student_t_sinusoidal_MCAR,student_t,sinusoidal,MCAR,NM+C_relu_d7_ef2,C,0,0.641116,0.47604093,-0.15705204,0.12453067,12.159465074539185,67,success
student_t_sinusoidal_MCAR,student_t,sinusoidal,MCAR,NM+C_relu_d7_ef2,C,1,0.67688555,0.49868196,-0.19484079,0.08902943,10.555176973342896,57,success
student_t_sinusoidal_MCAR,student_t,sinusoidal,MCAR,NM+C_gelu_d2_ef3,C,0,0.6018792,0.50340056,-0.08623946,0.07421458,7.13375997543335,82,success
student_t_sinusoidal_MCAR,student_t,sinusoidal,MCAR,NM+C_gelu_d2_ef3,C,1,0.6422063,0.50870526,-0.13362479,0.0707193,7.616599082946777,89,success
student_t_sinusoidal_MCAR,student_t,sinusoidal,MCAR,NM+C_relu_d2_ef3,C,0,0.63215697,0.5004503,-0.1408832,0.07964027,8.026997804641724,100,success
student_t_sinusoidal_MCAR,student_t,sinusoidal,MCAR,NM+C_relu_d2_ef3,C,1,0.6786613,0.5062791,-0.19797528,0.075151265,8.648391246795654,100,success
student_t_sinusoidal_MCAR,student_t,sinusoidal,MCAR,NM+C_gelu_d3_ef3,C,0,0.6156993,0.50584704,-0.11118126,0.06971532,6.231557846069336,56,success
student_t_sinusoidal_MCAR,student_t,sinusoidal,MCAR,NM+C_gelu_d3_ef3,C,1,0.70235074,0.5109621,-0.23979199,0.06659657,7.965599060058594,71,success
student_t_sinusoidal_MCAR,student_t,sinusoidal,MCAR,NM+C_relu_d3_ef3,C,0,0.6068802,0.5098131,-0.09526503,0.06242156,6.737425804138184,65,success
student_t_sinusoidal_MCAR,student_t,sinusoidal,MCAR,NM+C_relu_d3_ef3,C,1,0.6748527,0.48048377,-0.19125235,0.12227309,9.038825035095215,89,success
student_t_sinusoidal_MCAR,student_t,sinusoidal,MCAR,NM+C_gelu_d5_ef3,C,0,0.62887377,0.50087076,-0.13495791,0.07886702,8.87893295288086,58,success
student_t_sinusoidal_MCAR,student_t,sinusoidal,MCAR,NM+C_gelu_d5_ef3,C,1,0.7007845,0.46814275,-0.23702729,0.14481711,13.615097045898438,89,success
student_t_sinusoidal_MCAR,student_t,sinusoidal,MCAR,NM+C_relu_d5_ef3,C,0,0.64793676,0.48149157,-0.16936171,0.1145066,9.927020072937012,70,success
student_t_sinusoidal_MCAR,student_t,sinusoidal,MCAR,NM+C_relu_d5_ef3,C,1,0.6704019,0.4961616,-0.18339574,0.09363347,6.899714946746826,49,success
student_t_sinusoidal_MCAR,student_t,sinusoidal,MCAR,NM+C_gelu_d7_ef3,C,0,0.67718375,0.47790632,-0.2221452,0.12110013,15.820239067077637,85,success
student_t_sinusoidal_MCAR,student_t,sinusoidal,MCAR,NM+C_gelu_d7_ef3,C,1,0.6274675,0.5069226,-0.10760784,0.0739758,9.609843254089355,51,success
student_t_sinusoidal_MCAR,student_t,sinusoidal,MCAR,NM+C_relu_d7_ef3,C,0,0.6621076,0.44407684,-0.19493651,0.18331462,13.459959030151367,78,success
student_t_sinusoidal_MCAR,student_t,sinusoidal,MCAR,NM+C_relu_d7_ef3,C,1,0.62566864,0.51686925,-0.10443246,0.055805683,6.197844982147217,38,success
student_t_sinusoidal_MCAR,student_t,sinusoidal,MCAR,NM+C_gelu_d2_ef4,C,0,0.61139166,0.50374496,-0.103407145,0.07358122,4.567035913467407,65,success
student_t_sinusoidal_MCAR,student_t,sinusoidal,MCAR,NM+C_gelu_d2_ef4,C,1,0.70224375,0.48837447,-0.23960316,0.10785872,7.4503068923950195,100,success
student_t_sinusoidal_MCAR,student_t,sinusoidal,MCAR,NM+C_relu_d2_ef4,C,0,0.66793114,0.5050834,-0.20544648,0.071119785,5.2218921184539795,78,success
student_t_sinusoidal_MCAR,student_t,sinusoidal,MCAR,NM+C_relu_d2_ef4,C,1,0.6496738,0.50029844,-0.14680648,0.0860765,5.689693927764893,87,success
student_t_sinusoidal_MCAR,student_t,sinusoidal,MCAR,NM+C_gelu_d3_ef4,C,0,0.68612516,0.4598353,-0.23828208,0.15433383,8.605784893035889,100,success
student_t_sinusoidal_MCAR,student_t,sinusoidal,MCAR,NM+C_gelu_d3_ef4,C,1,0.71459466,0.49073675,-0.261405,0.1035434,7.524271011352539,84,success
student_t_sinusoidal_MCAR,student_t,sinusoidal,MCAR,NM+C_relu_d3_ef4,C,0,0.6105464,0.49363047,-0.10188162,0.0921824,4.5413219928741455,55,success
student_t_sinusoidal_MCAR,student_t,sinusoidal,MCAR,NM+C_relu_d3_ef4,C,1,0.68998414,0.48905426,-0.21796238,0.106616914,5.640838861465454,67,success
student_t_sinusoidal_MCAR,student_t,sinusoidal,MCAR,NM+C_gelu_d5_ef4,C,0,0.6377933,0.49597558,-0.15105534,0.087869585,5.810075759887695,47,success
student_t_sinusoidal_MCAR,student_t,sinusoidal,MCAR,NM+C_gelu_d5_ef4,C,1,0.66964746,0.47847944,-0.18206406,0.12593448,7.904643774032593,63,success
student_t_sinusoidal_MCAR,student_t,sinusoidal,MCAR,NM+C_relu_d5_ef4,C,0,0.7325095,0.45350635,-0.32199407,0.16597319,10.987313985824585,93,success
student_t_sinusoidal_MCAR,student_t,sinusoidal,MCAR,NM+C_relu_d5_ef4,C,1,0.7558391,0.44443393,-0.3342098,0.1881274,11.62583303451538,100,success
student_t_sinusoidal_MCAR,student_t,sinusoidal,MCAR,NM+C_gelu_d7_ef4,C,0,0.6635262,0.4774673,-0.19749665,0.12190747,7.755782842636108,49,success
student_t_sinusoidal_MCAR,student_t,sinusoidal,MCAR,NM+C_gelu_d7_ef4,C,1,0.7115306,0.48174053,-0.25599635,0.119977295,9.61372995376587,60,success
student_t_sinusoidal_MCAR,student_t,sinusoidal,MCAR,NM+C_relu_d7_ef4,C,0,0.80815315,0.45251703,-0.4585117,0.16779262,15.278385162353516,100,success
student_t_sinusoidal_MCAR,student_t,sinusoidal,MCAR,NM+C_relu_d7_ef4,C,1,0.73570085,0.45000318,-0.2986617,0.17795372,9.300725221633911,61,success
student_t_sinusoidal_MCAR,student_t,sinusoidal,MCAR,NM+C_gelu_d2_ef6,C,0,0.66908115,0.49280918,-0.20752203,0.09369278,6.073269844055176,84,success
student_t_sinusoidal_MCAR,student_t,sinusoidal,MCAR,NM+C_gelu_d2_ef6,C,1,0.67486596,0.4907485,-0.19127572,0.10352194,5.351694107055664,73,success
student_t_sinusoidal_MCAR,student_t,sinusoidal,MCAR,NM+C_relu_d2_ef6,C,0,0.6580673,0.45812806,-0.18764472,0.15747356,6.166858911514282,90,success
student_t_sinusoidal_MCAR,student_t,sinusoidal,MCAR,NM+C_relu_d2_ef6,C,1,0.7514452,0.46695143,-0.3264537,0.1469934,6.912973165512085,100,success
student_t_sinusoidal_MCAR,student_t,sinusoidal,MCAR,NM+C_gelu_d3_ef6,C,0,0.6926301,0.4704119,-0.25002193,0.13488281,6.637264013290405,73,success
student_t_sinusoidal_MCAR,student_t,sinusoidal,MCAR,NM+C_gelu_d3_ef6,C,1,0.6788902,0.488456,-0.1983794,0.107709765,6.202960968017578,69,success
student_t_sinusoidal_MCAR,student_t,sinusoidal,MCAR,NM+C_relu_d3_ef6,C,0,0.7543945,0.44448793,-0.36149096,0.1825586,8.431879997253418,100,success
student_t_sinusoidal_MCAR,student_t,sinusoidal,MCAR,NM+C_relu_d3_ef6,C,1,0.71676844,0.475742,-0.26524222,0.13093513,5.426758050918579,66,success
student_t_sinusoidal_MCAR,student_t,sinusoidal,MCAR,NM+C_gelu_d5_ef6,C,0,0.7608142,0.47761056,-0.37307692,0.12164402,11.86111307144165,91,success
student_t_sinusoidal_MCAR,student_t,sinusoidal,MCAR,NM+C_gelu_d5_ef6,C,1,0.8697561,0.44503504,-0.53529656,0.1870293,11.647122859954834,90,success
student_t_sinusoidal_MCAR,student_t,sinusoidal,MCAR,NM+C_relu_d5_ef6,C,0,0.6905952,0.45281658,-0.24634945,0.16724169,7.260186195373535,60,success
student_t_sinusoidal_MCAR,student_t,sinusoidal,MCAR,NM+C_relu_d5_ef6,C,1,0.75738734,0.44417077,-0.3369428,0.18860811,9.460529088973999,76,success
student_t_sinusoidal_MCAR,student_t,sinusoidal,MCAR,NM+C_gelu_d7_ef6,C,0,0.7133809,0.432922,-0.28747177,0.20382911,14.387274980545044,86,success
student_t_sinusoidal_MCAR,student_t,sinusoidal,MCAR,NM+C_gelu_d7_ef6,C,1,0.9520083,0.45784345,-0.68048835,0.16363144,16.45906400680542,100,success
student_t_sinusoidal_MCAR,student_t,sinusoidal,MCAR,NM+C_relu_d7_ef6,C,0,0.66746765,0.4448277,-0.20461011,0.18193376,8.227113008499146,54,success
student_t_sinusoidal_MCAR,student_t,sinusoidal,MCAR,NM+C_relu_d7_ef6,C,1,0.8448007,0.41751665,-0.49124515,0.23729867,13.029828786849976,86,success
student_t_sinusoidal_MCAR,student_t,sinusoidal,MCAR,NM+C_gelu_d2_ef8,C,0,0.645991,0.49359444,-0.16585016,0.09224868,3.932817220687866,54,success
student_t_sinusoidal_MCAR,student_t,sinusoidal,MCAR,NM+C_gelu_d2_ef8,C,1,0.66906226,0.49164012,-0.18103099,0.10189313,4.80247688293457,65,success
student_t_sinusoidal_MCAR,student_t,sinusoidal,MCAR,NM+C_relu_d2_ef8,C,0,0.6752724,0.45110536,-0.21869564,0.17038876,6.604343891143799,100,success
student_t_sinusoidal_MCAR,student_t,sinusoidal,MCAR,NM+C_relu_d2_ef8,C,1,0.7707254,0.47311267,-0.36048722,0.13573831,5.934035062789917,87,success
student_t_sinusoidal_MCAR,student_t,sinusoidal,MCAR,NM+C_gelu_d3_ef8,C,0,0.70129365,0.4559677,-0.26565742,0.16144663,7.4079430103302,80,success
student_t_sinusoidal_MCAR,student_t,sinusoidal,MCAR,NM+C_gelu_d3_ef8,C,1,0.7029951,0.49432757,-0.24092948,0.09698385,4.597967863082886,50,success
student_t_sinusoidal_MCAR,student_t,sinusoidal,MCAR,NM+C_relu_d3_ef8,C,0,0.748165,0.46278772,-0.35024834,0.14890414,8.550213098526001,100,success
student_t_sinusoidal_MCAR,student_t,sinusoidal,MCAR,NM+C_relu_d3_ef8,C,1,0.76596886,0.4870999,-0.35209095,0.11018705,4.3992919921875,51,success
student_t_sinusoidal_MCAR,student_t,sinusoidal,MCAR,NM+C_gelu_d5_ef8,C,0,0.8609524,0.45410535,-0.55380094,0.16487157,13.270685911178589,100,success
student_t_sinusoidal_MCAR,student_t,sinusoidal,MCAR,NM+C_gelu_d5_ef8,C,1,0.6809357,0.52041006,-0.20199001,0.049337447,5.027531862258911,38,success
student_t_sinusoidal_MCAR,student_t,sinusoidal,MCAR,NM+C_relu_d5_ef8,C,0,0.70729893,0.4544033,-0.27649546,0.16432363,7.0129780769348145,60,success
student_t_sinusoidal_MCAR,student_t,sinusoidal,MCAR,NM+C_relu_d5_ef8,C,1,0.70866007,0.4743275,-0.25092924,0.13351911,5.562820672988892,46,success
student_t_sinusoidal_MCAR,student_t,sinusoidal,MCAR,NM+C_gelu_d7_ef8,C,0,0.67737037,0.4795306,-0.22248197,0.11811292,9.891612768173218,58,success
student_t_sinusoidal_MCAR,student_t,sinusoidal,MCAR,NM+C_gelu_d7_ef8,C,1,0.70545185,0.48724633,-0.24526608,0.10991955,7.947237968444824,46,success
student_t_sinusoidal_MCAR,student_t,sinusoidal,MCAR,NM+C_relu_d7_ef8,C,0,0.7060895,0.45393646,-0.27431273,0.16518217,9.858776807785034,63,success
student_t_sinusoidal_MCAR,student_t,sinusoidal,MCAR,NM+C_relu_d7_ef8,C,1,0.71941024,0.4507713,-0.26990545,0.17655051,8.593852996826172,57,success
